filename,label_file,species_code,genus,gram_stain,agar_type,imaging_modality,stain_type,num_colony_instances,source,source_id,split
aba/aba_01.jpg,aba_txt/aba_01.txt,aba,acinetobacter_baumannii,negative,MAC,colony_photo,not_applicable,5,nature_colony,nature_colony_aba,
aba/aba_02.jpg,aba_txt/aba_02.txt,aba,acinetobacter_baumannii,negative,MAC,colony_photo,not_applicable,12,nature_colony,nature_colony_aba,
aba/aba_03.jpg,aba_txt/aba_03.txt,aba,acinetobacter_baumannii,negative,MAC,colony_photo,not_applicable,8,nature_colony,nature_colony_aba,
aba/aba_04.jpg,aba_txt/aba_04.txt,aba,acinetobacter_baumannii,negative,MAC,colony_photo,not_applicable,16,nature_colony,nature_colony_aba,
aba/aba_05.jpg,aba_txt/aba_05.txt,aba,acinetobacter_baumannii,negative,MAC,colony_photo,not_applicable,31,nature_colony,nature_colony_aba,
aba/aba_06.jpg,aba_txt/aba_06.txt,aba,acinetobacter_baumannii,negative,MAC,colony_photo,not_applicable,24,nature_colony,nature_colony_aba,
aba/aba_07.jpg,aba_txt/aba_07.txt,aba,acinetobacter_baumannii,negative,MAC,colony_photo,not_applicable,19,nature_colony,nature_colony_aba,
aba/aba_08.jpg,aba_txt/aba_08.txt,aba,acinetobacter_baumannii,negative,MAC,colony_photo,not_applicable,28,nature_colony,nature_colony_aba,
aba/aba_09.jpg,aba_txt/aba_09.txt,aba,acinetobacter_baumannii,negative,MAC,colony_photo,not_applicable,25,nature_colony,nature_colony_aba,
aba/aba_10.jpg,aba_txt/aba_10.txt,aba,acinetobacter_baumannii,negative,MAC,colony_photo,not_applicable,37,nature_colony,nature_colony_aba,
aba/aba_11.jpg,aba_txt/aba_11.txt,aba,acinetobacter_baumannii,negative,MAC,colony_photo,not_applicable,36,nature_colony,nature_colony_aba,
aba/aba_12.jpg,aba_txt/aba_12.txt,aba,acinetobacter_baumannii,negative,MAC,colony_photo,not_applicable,24,nature_colony,nature_colony_aba,
aba/aba_13.jpg,aba_txt/aba_13.txt,aba,acinetobacter_baumannii,negative,MAC,colony_photo,not_applicable,36,nature_colony,nature_colony_aba,
aba/aba_14.jpg,aba_txt/aba_14.txt,aba,acinetobacter_baumannii,negative,MAC,colony_photo,not_applicable,31,nature_colony,nature_colony_aba,
aba/aba_15.jpg,aba_txt/aba_15.txt,aba,acinetobacter_baumannii,negative,MAC,colony_photo,not_applicable,35,nature_colony,nature_colony_aba,
aba/aba_16.jpg,aba_txt/aba_16.txt,aba,acinetobacter_baumannii,negative,MAC,colony_photo,not_applicable,21,nature_colony,nature_colony_aba,
aba/aba_17.jpg,aba_txt/aba_17.txt,aba,acinetobacter_baumannii,negative,MAC,colony_photo,not_applicable,13,nature_colony,nature_colony_aba,
aba/aba_18.jpg,aba_txt/aba_18.txt,aba,acinetobacter_baumannii,negative,MAC,colony_photo,not_applicable,29,nature_colony,nature_colony_aba,
aba/aba_19.jpg,aba_txt/aba_19.txt,aba,acinetobacter_baumannii,negative,MAC,colony_photo,not_applicable,37,nature_colony,nature_colony_aba,
aba/aba_20.jpg,aba_txt/aba_20.txt,aba,acinetobacter_baumannii,negative,MAC,colony_photo,not_applicable,46,nature_colony,nature_colony_aba,
aba/aba_21.jpg,aba_txt/aba_21.txt,aba,acinetobacter_baumannii,negative,MAC,colony_photo,not_applicable,42,nature_colony,nature_colony_aba,
aba/aba_22.jpg,aba_txt/aba_22.txt,aba,acinetobacter_baumannii,negative,MAC,colony_photo,not_applicable,34,nature_colony,nature_colony_aba,
aba/aba_23.jpg,aba_txt/aba_23.txt,aba,acinetobacter_baumannii,negative,MAC,colony_photo,not_applicable,36,nature_colony,nature_colony_aba,
aba/aba_24.jpg,aba_txt/aba_24.txt,aba,acinetobacter_baumannii,negative,MAC,colony_photo,not_applicable,35,nature_colony,nature_colony_aba,
aba/aba_25.jpg,aba_txt/aba_25.txt,aba,acinetobacter_baumannii,negative,MAC,colony_photo,not_applicable,32,nature_colony,nature_colony_aba,
aba/aba_26.jpg,aba_txt/aba_26.txt,aba,acinetobacter_baumannii,negative,MAC,colony_photo,not_applicable,13,nature_colony,nature_colony_aba,
aba/aba_27.jpg,aba_txt/aba_27.txt,aba,acinetobacter_baumannii,negative,MAC,colony_photo,not_applicable,16,nature_colony,nature_colony_aba,
aba/aba_28.jpg,aba_txt/aba_28.txt,aba,acinetobacter_baumannii,negative,MAC,colony_photo,not_applicable,7,nature_colony,nature_colony_aba,
aba/aba_29.jpg,aba_txt/aba_29.txt,aba,acinetobacter_baumannii,negative,MAC,colony_photo,not_applicable,15,nature_colony,nature_colony_aba,
aba/aba_30.jpg,aba_txt/aba_30.txt,aba,acinetobacter_baumannii,negative,MAC,colony_photo,not_applicable,27,nature_colony,nature_colony_aba,
aba/aba_31.jpg,aba_txt/aba_31.txt,aba,acinetobacter_baumannii,negative,MAC,colony_photo,not_applicable,5,nature_colony,nature_colony_aba,
aba/aba_32.jpg,aba_txt/aba_32.txt,aba,acinetobacter_baumannii,negative,MAC,colony_photo,not_applicable,10,nature_colony,nature_colony_aba,
aba/aba_33.jpg,aba_txt/aba_33.txt,aba,acinetobacter_baumannii,negative,MAC,colony_photo,not_applicable,22,nature_colony,nature_colony_aba,
aba/aba_34.jpg,aba_txt/aba_34.txt,aba,acinetobacter_baumannii,negative,MAC,colony_photo,not_applicable,32,nature_colony,nature_colony_aba,
aba/aba_35.jpg,aba_txt/aba_35.txt,aba,acinetobacter_baumannii,negative,MAC,colony_photo,not_applicable,34,nature_colony,nature_colony_aba,
aba/aba_36.jpg,aba_txt/aba_36.txt,aba,acinetobacter_baumannii,negative,MAC,colony_photo,not_applicable,36,nature_colony,nature_colony_aba,
aba/aba_37.jpg,aba_txt/aba_37.txt,aba,acinetobacter_baumannii,negative,MAC,colony_photo,not_applicable,90,nature_colony,nature_colony_aba,
aba/aba_38.jpg,aba_txt/aba_38.txt,aba,acinetobacter_baumannii,negative,MAC,colony_photo,not_applicable,70,nature_colony,nature_colony_aba,
aba/aba_39.jpg,aba_txt/aba_39.txt,aba,acinetobacter_baumannii,negative,MAC,colony_photo,not_applicable,95,nature_colony,nature_colony_aba,
aba/aba_40.jpg,aba_txt/aba_40.txt,aba,acinetobacter_baumannii,negative,MAC,colony_photo,not_applicable,94,nature_colony,nature_colony_aba,
aba/aba_41.jpg,aba_txt/aba_41.txt,aba,acinetobacter_baumannii,negative,MAC,colony_photo,not_applicable,16,nature_colony,nature_colony_aba,
aba/aba_42.jpg,aba_txt/aba_42.txt,aba,acinetobacter_baumannii,negative,MAC,colony_photo,not_applicable,137,nature_colony,nature_colony_aba,
aba/aba_43.jpg,aba_txt/aba_43.txt,aba,acinetobacter_baumannii,negative,MAC,colony_photo,not_applicable,26,nature_colony,nature_colony_aba,
aba/aba_44.jpg,aba_txt/aba_44.txt,aba,acinetobacter_baumannii,negative,MAC,colony_photo,not_applicable,17,nature_colony,nature_colony_aba,
aba/aba_45.jpg,aba_txt/aba_45.txt,aba,acinetobacter_baumannii,negative,MAC,colony_photo,not_applicable,46,nature_colony,nature_colony_aba,
aba/aba_46.jpg,aba_txt/aba_46.txt,aba,acinetobacter_baumannii,negative,MAC,colony_photo,not_applicable,25,nature_colony,nature_colony_aba,
aba/aba_47.jpg,aba_txt/aba_47.txt,aba,acinetobacter_baumannii,negative,MAC,colony_photo,not_applicable,67,nature_colony,nature_colony_aba,
aba/aba_48.jpg,aba_txt/aba_48.txt,aba,acinetobacter_baumannii,negative,MAC,colony_photo,not_applicable,76,nature_colony,nature_colony_aba,
aba/aba_49.jpg,aba_txt/aba_49.txt,aba,acinetobacter_baumannii,negative,MAC,colony_photo,not_applicable,87,nature_colony,nature_colony_aba,
aba/aba_50.jpg,aba_txt/aba_50.txt,aba,acinetobacter_baumannii,negative,MAC,colony_photo,not_applicable,88,nature_colony,nature_colony_aba,
bce/bce_01.jpg,bce_txt/bce_01.txt,bce,bacillus_cereus,positive,BAP,colony_photo,not_applicable,18,nature_colony,nature_colony_bce,
bce/bce_02.jpg,bce_txt/bce_02.txt,bce,bacillus_cereus,positive,BAP,colony_photo,not_applicable,19,nature_colony,nature_colony_bce,
bce/bce_03.jpg,bce_txt/bce_03.txt,bce,bacillus_cereus,positive,BAP,colony_photo,not_applicable,11,nature_colony,nature_colony_bce,
bce/bce_04.jpg,bce_txt/bce_04.txt,bce,bacillus_cereus,positive,BAP,colony_photo,not_applicable,25,nature_colony,nature_colony_bce,
bce/bce_05.jpg,bce_txt/bce_05.txt,bce,bacillus_cereus,positive,BAP,colony_photo,not_applicable,8,nature_colony,nature_colony_bce,
bce/bce_06.jpg,bce_txt/bce_06.txt,bce,bacillus_cereus,positive,BAP,colony_photo,not_applicable,25,nature_colony,nature_colony_bce,
bce/bce_07.jpg,bce_txt/bce_07.txt,bce,bacillus_cereus,positive,BAP,colony_photo,not_applicable,7,nature_colony,nature_colony_bce,
bce/bce_08.jpg,bce_txt/bce_08.txt,bce,bacillus_cereus,positive,BAP,colony_photo,not_applicable,30,nature_colony,nature_colony_bce,
bce/bce_09.jpg,bce_txt/bce_09.txt,bce,bacillus_cereus,positive,BAP,colony_photo,not_applicable,33,nature_colony,nature_colony_bce,
bce/bce_10.jpg,bce_txt/bce_10.txt,bce,bacillus_cereus,positive,BAP,colony_photo,not_applicable,5,nature_colony,nature_colony_bce,
bce/bce_11.jpg,bce_txt/bce_11.txt,bce,bacillus_cereus,positive,BAP,colony_photo,not_applicable,8,nature_colony,nature_colony_bce,
bce/bce_12.jpg,bce_txt/bce_12.txt,bce,bacillus_cereus,positive,BAP,colony_photo,not_applicable,7,nature_colony,nature_colony_bce,
bce/bce_13.jpg,bce_txt/bce_13.txt,bce,bacillus_cereus,positive,BAP,colony_photo,not_applicable,16,nature_colony,nature_colony_bce,
bce/bce_14.jpg,bce_txt/bce_14.txt,bce,bacillus_cereus,positive,BAP,colony_photo,not_applicable,17,nature_colony,nature_colony_bce,
bce/bce_15.jpg,bce_txt/bce_15.txt,bce,bacillus_cereus,positive,BAP,colony_photo,not_applicable,21,nature_colony,nature_colony_bce,
bce/bce_16.jpg,bce_txt/bce_16.txt,bce,bacillus_cereus,positive,BAP,colony_photo,not_applicable,10,nature_colony,nature_colony_bce,
bce/bce_17.jpg,bce_txt/bce_17.txt,bce,bacillus_cereus,positive,BAP,colony_photo,not_applicable,11,nature_colony,nature_colony_bce,
bce/bce_18.jpg,bce_txt/bce_18.txt,bce,bacillus_cereus,positive,BAP,colony_photo,not_applicable,24,nature_colony,nature_colony_bce,
bce/bce_19.jpg,bce_txt/bce_19.txt,bce,bacillus_cereus,positive,BAP,colony_photo,not_applicable,29,nature_colony,nature_colony_bce,
bce/bce_20.jpg,bce_txt/bce_20.txt,bce,bacillus_cereus,positive,BAP,colony_photo,not_applicable,15,nature_colony,nature_colony_bce,
bce/bce_21.jpg,bce_txt/bce_21.txt,bce,bacillus_cereus,positive,BAP,colony_photo,not_applicable,19,nature_colony,nature_colony_bce,
bce/bce_22.jpg,bce_txt/bce_22.txt,bce,bacillus_cereus,positive,BAP,colony_photo,not_applicable,16,nature_colony,nature_colony_bce,
bce/bce_23.jpg,bce_txt/bce_23.txt,bce,bacillus_cereus,positive,BAP,colony_photo,not_applicable,23,nature_colony,nature_colony_bce,
bce/bce_24.jpg,bce_txt/bce_24.txt,bce,bacillus_cereus,positive,BAP,colony_photo,not_applicable,36,nature_colony,nature_colony_bce,
bce/bce_25.jpg,bce_txt/bce_25.txt,bce,bacillus_cereus,positive,BAP,colony_photo,not_applicable,28,nature_colony,nature_colony_bce,
bce/bce_26.jpg,bce_txt/bce_26.txt,bce,bacillus_cereus,positive,BAP,colony_photo,not_applicable,30,nature_colony,nature_colony_bce,
bce/bce_27.jpg,bce_txt/bce_27.txt,bce,bacillus_cereus,positive,BAP,colony_photo,not_applicable,37,nature_colony,nature_colony_bce,
bce/bce_28.jpg,bce_txt/bce_28.txt,bce,bacillus_cereus,positive,BAP,colony_photo,not_applicable,46,nature_colony,nature_colony_bce,
bce/bce_29.jpg,bce_txt/bce_29.txt,bce,bacillus_cereus,positive,BAP,colony_photo,not_applicable,20,nature_colony,nature_colony_bce,
bce/bce_30.jpg,bce_txt/bce_30.txt,bce,bacillus_cereus,positive,BAP,colony_photo,not_applicable,15,nature_colony,nature_colony_bce,
bce/bce_31.jpg,bce_txt/bce_31.txt,bce,bacillus_cereus,positive,BAP,colony_photo,not_applicable,26,nature_colony,nature_colony_bce,
bce/bce_32.jpg,bce_txt/bce_32.txt,bce,bacillus_cereus,positive,BAP,colony_photo,not_applicable,32,nature_colony,nature_colony_bce,
bce/bce_33.jpg,bce_txt/bce_33.txt,bce,bacillus_cereus,positive,BAP,colony_photo,not_applicable,26,nature_colony,nature_colony_bce,
bce/bce_34.jpg,bce_txt/bce_34.txt,bce,bacillus_cereus,positive,BAP,colony_photo,not_applicable,13,nature_colony,nature_colony_bce,
bce/bce_35.jpg,bce_txt/bce_35.txt,bce,bacillus_cereus,positive,BAP,colony_photo,not_applicable,18,nature_colony,nature_colony_bce,
bce/bce_36.jpg,bce_txt/bce_36.txt,bce,bacillus_cereus,positive,BAP,colony_photo,not_applicable,10,nature_colony,nature_colony_bce,
bce/bce_37.jpg,bce_txt/bce_37.txt,bce,bacillus_cereus,positive,BAP,colony_photo,not_applicable,12,nature_colony,nature_colony_bce,
bce/bce_38.jpg,bce_txt/bce_38.txt,bce,bacillus_cereus,positive,BAP,colony_photo,not_applicable,15,nature_colony,nature_colony_bce,
bce/bce_39.jpg,bce_txt/bce_39.txt,bce,bacillus_cereus,positive,BAP,colony_photo,not_applicable,11,nature_colony,nature_colony_bce,
bce/bce_40.jpg,bce_txt/bce_40.txt,bce,bacillus_cereus,positive,BAP,colony_photo,not_applicable,19,nature_colony,nature_colony_bce,
bce/bce_41.jpg,bce_txt/bce_41.txt,bce,bacillus_cereus,positive,BAP,colony_photo,not_applicable,9,nature_colony,nature_colony_bce,
bce/bce_42.jpg,bce_txt/bce_42.txt,bce,bacillus_cereus,positive,BAP,colony_photo,not_applicable,8,nature_colony,nature_colony_bce,
bce/bce_43.jpg,bce_txt/bce_43.txt,bce,bacillus_cereus,positive,BAP,colony_photo,not_applicable,13,nature_colony,nature_colony_bce,
bce/bce_44.jpg,bce_txt/bce_44.txt,bce,bacillus_cereus,positive,BAP,colony_photo,not_applicable,12,nature_colony,nature_colony_bce,
bce/bce_45.jpg,bce_txt/bce_45.txt,bce,bacillus_cereus,positive,BAP,colony_photo,not_applicable,22,nature_colony,nature_colony_bce,
bce/bce_46.jpg,bce_txt/bce_46.txt,bce,bacillus_cereus,positive,BAP,colony_photo,not_applicable,18,nature_colony,nature_colony_bce,
bce/bce_47.jpg,bce_txt/bce_47.txt,bce,bacillus_cereus,positive,BAP,colony_photo,not_applicable,21,nature_colony,nature_colony_bce,
bce/bce_48.jpg,bce_txt/bce_48.txt,bce,bacillus_cereus,positive,BAP,colony_photo,not_applicable,23,nature_colony,nature_colony_bce,
bce/bce_49.jpg,bce_txt/bce_49.txt,bce,bacillus_cereus,positive,BAP,colony_photo,not_applicable,18,nature_colony,nature_colony_bce,
bce/bce_50.jpg,bce_txt/bce_50.txt,bce,bacillus_cereus,positive,BAP,colony_photo,not_applicable,20,nature_colony,nature_colony_bce,
bcp/bcp_01.jpg,bcp_txt/bcp_01.txt,bcp,burkholderia_cepacia,negative,MAC,colony_photo,not_applicable,12,nature_colony,nature_colony_bcp,
bcp/bcp_02.jpg,bcp_txt/bcp_02.txt,bcp,burkholderia_cepacia,negative,MAC,colony_photo,not_applicable,19,nature_colony,nature_colony_bcp,
bcp/bcp_03.jpg,bcp_txt/bcp_03.txt,bcp,burkholderia_cepacia,negative,MAC,colony_photo,not_applicable,11,nature_colony,nature_colony_bcp,
bcp/bcp_04.jpg,bcp_txt/bcp_04.txt,bcp,burkholderia_cepacia,negative,MAC,colony_photo,not_applicable,9,nature_colony,nature_colony_bcp,
bcp/bcp_05.jpg,bcp_txt/bcp_05.txt,bcp,burkholderia_cepacia,negative,MAC,colony_photo,not_applicable,12,nature_colony,nature_colony_bcp,
bcp/bcp_06.jpg,bcp_txt/bcp_06.txt,bcp,burkholderia_cepacia,negative,MAC,colony_photo,not_applicable,15,nature_colony,nature_colony_bcp,
bcp/bcp_07.jpg,bcp_txt/bcp_07.txt,bcp,burkholderia_cepacia,negative,MAC,colony_photo,not_applicable,17,nature_colony,nature_colony_bcp,
bcp/bcp_08.jpg,bcp_txt/bcp_08.txt,bcp,burkholderia_cepacia,negative,MAC,colony_photo,not_applicable,6,nature_colony,nature_colony_bcp,
bcp/bcp_09.jpg,bcp_txt/bcp_09.txt,bcp,burkholderia_cepacia,negative,MAC,colony_photo,not_applicable,7,nature_colony,nature_colony_bcp,
bcp/bcp_10.jpg,bcp_txt/bcp_10.txt,bcp,burkholderia_cepacia,negative,MAC,colony_photo,not_applicable,7,nature_colony,nature_colony_bcp,
bcp/bcp_11.jpg,bcp_txt/bcp_11.txt,bcp,burkholderia_cepacia,negative,MAC,colony_photo,not_applicable,6,nature_colony,nature_colony_bcp,
bcp/bcp_12.jpg,bcp_txt/bcp_12.txt,bcp,burkholderia_cepacia,negative,MAC,colony_photo,not_applicable,5,nature_colony,nature_colony_bcp,
bcp/bcp_13.jpg,bcp_txt/bcp_13.txt,bcp,burkholderia_cepacia,negative,MAC,colony_photo,not_applicable,23,nature_colony,nature_colony_bcp,
bcp/bcp_14.jpg,bcp_txt/bcp_14.txt,bcp,burkholderia_cepacia,negative,MAC,colony_photo,not_applicable,12,nature_colony,nature_colony_bcp,
bcp/bcp_15.jpg,bcp_txt/bcp_15.txt,bcp,burkholderia_cepacia,negative,MAC,colony_photo,not_applicable,11,nature_colony,nature_colony_bcp,
bcp/bcp_16.jpg,bcp_txt/bcp_16.txt,bcp,burkholderia_cepacia,negative,MAC,colony_photo,not_applicable,13,nature_colony,nature_colony_bcp,
bcp/bcp_17.jpg,bcp_txt/bcp_17.txt,bcp,burkholderia_cepacia,negative,MAC,colony_photo,not_applicable,11,nature_colony,nature_colony_bcp,
bcp/bcp_18.jpg,bcp_txt/bcp_18.txt,bcp,burkholderia_cepacia,negative,MAC,colony_photo,not_applicable,119,nature_colony,nature_colony_bcp,
bcp/bcp_19.jpg,bcp_txt/bcp_19.txt,bcp,burkholderia_cepacia,negative,MAC,colony_photo,not_applicable,150,nature_colony,nature_colony_bcp,
bcp/bcp_20.jpg,bcp_txt/bcp_20.txt,bcp,burkholderia_cepacia,negative,MAC,colony_photo,not_applicable,152,nature_colony,nature_colony_bcp,
bcp/bcp_21.jpg,bcp_txt/bcp_21.txt,bcp,burkholderia_cepacia,negative,MAC,colony_photo,not_applicable,110,nature_colony,nature_colony_bcp,
bcp/bcp_22.jpg,bcp_txt/bcp_22.txt,bcp,burkholderia_cepacia,negative,MAC,colony_photo,not_applicable,4,nature_colony,nature_colony_bcp,
bcp/bcp_23.jpg,bcp_txt/bcp_23.txt,bcp,burkholderia_cepacia,negative,MAC,colony_photo,not_applicable,4,nature_colony,nature_colony_bcp,
bcp/bcp_24.jpg,bcp_txt/bcp_24.txt,bcp,burkholderia_cepacia,negative,MAC,colony_photo,not_applicable,8,nature_colony,nature_colony_bcp,
bcp/bcp_25.jpg,bcp_txt/bcp_25.txt,bcp,burkholderia_cepacia,negative,MAC,colony_photo,not_applicable,6,nature_colony,nature_colony_bcp,
bcp/bcp_26.jpg,bcp_txt/bcp_26.txt,bcp,burkholderia_cepacia,negative,MAC,colony_photo,not_applicable,5,nature_colony,nature_colony_bcp,
bcp/bcp_27.jpg,bcp_txt/bcp_27.txt,bcp,burkholderia_cepacia,negative,MAC,colony_photo,not_applicable,41,nature_colony,nature_colony_bcp,
bcp/bcp_28.jpg,bcp_txt/bcp_28.txt,bcp,burkholderia_cepacia,negative,MAC,colony_photo,not_applicable,18,nature_colony,nature_colony_bcp,
bcp/bcp_29.jpg,bcp_txt/bcp_29.txt,bcp,burkholderia_cepacia,negative,MAC,colony_photo,not_applicable,111,nature_colony,nature_colony_bcp,
bcp/bcp_30.jpg,bcp_txt/bcp_30.txt,bcp,burkholderia_cepacia,negative,MAC,colony_photo,not_applicable,84,nature_colony,nature_colony_bcp,
bcp/bcp_31.jpg,bcp_txt/bcp_31.txt,bcp,burkholderia_cepacia,negative,MAC,colony_photo,not_applicable,138,nature_colony,nature_colony_bcp,
bcp/bcp_32.jpg,bcp_txt/bcp_32.txt,bcp,burkholderia_cepacia,negative,MAC,colony_photo,not_applicable,107,nature_colony,nature_colony_bcp,
bcp/bcp_33.jpg,bcp_txt/bcp_33.txt,bcp,burkholderia_cepacia,negative,MAC,colony_photo,not_applicable,136,nature_colony,nature_colony_bcp,
bcp/bcp_34.jpg,bcp_txt/bcp_34.txt,bcp,burkholderia_cepacia,negative,MAC,colony_photo,not_applicable,150,nature_colony,nature_colony_bcp,
bcp/bcp_35.jpg,bcp_txt/bcp_35.txt,bcp,burkholderia_cepacia,negative,MAC,colony_photo,not_applicable,143,nature_colony,nature_colony_bcp,
bcp/bcp_36.jpg,bcp_txt/bcp_36.txt,bcp,burkholderia_cepacia,negative,MAC,colony_photo,not_applicable,68,nature_colony,nature_colony_bcp,
bcp/bcp_37.jpg,bcp_txt/bcp_37.txt,bcp,burkholderia_cepacia,negative,MAC,colony_photo,not_applicable,139,nature_colony,nature_colony_bcp,
bcp/bcp_38.jpg,bcp_txt/bcp_38.txt,bcp,burkholderia_cepacia,negative,MAC,colony_photo,not_applicable,73,nature_colony,nature_colony_bcp,
bcp/bcp_39.jpg,bcp_txt/bcp_39.txt,bcp,burkholderia_cepacia,negative,MAC,colony_photo,not_applicable,129,nature_colony,nature_colony_bcp,
bcp/bcp_40.jpg,bcp_txt/bcp_40.txt,bcp,burkholderia_cepacia,negative,MAC,colony_photo,not_applicable,184,nature_colony,nature_colony_bcp,
bcp/bcp_41.jpg,bcp_txt/bcp_41.txt,bcp,burkholderia_cepacia,negative,MAC,colony_photo,not_applicable,75,nature_colony,nature_colony_bcp,
bcp/bcp_42.jpg,bcp_txt/bcp_42.txt,bcp,burkholderia_cepacia,negative,MAC,colony_photo,not_applicable,59,nature_colony,nature_colony_bcp,
bcp/bcp_43.jpg,bcp_txt/bcp_43.txt,bcp,burkholderia_cepacia,negative,MAC,colony_photo,not_applicable,92,nature_colony,nature_colony_bcp,
bcp/bcp_44.jpg,bcp_txt/bcp_44.txt,bcp,burkholderia_cepacia,negative,MAC,colony_photo,not_applicable,79,nature_colony,nature_colony_bcp,
bcp/bcp_45.jpg,bcp_txt/bcp_45.txt,bcp,burkholderia_cepacia,negative,MAC,colony_photo,not_applicable,81,nature_colony,nature_colony_bcp,
bcp/bcp_46.jpg,bcp_txt/bcp_46.txt,bcp,burkholderia_cepacia,negative,MAC,colony_photo,not_applicable,823,nature_colony,nature_colony_bcp,
bcp/bcp_47.jpg,bcp_txt/bcp_47.txt,bcp,burkholderia_cepacia,negative,MAC,colony_photo,not_applicable,390,nature_colony,nature_colony_bcp,
bcp/bcp_48.jpg,bcp_txt/bcp_48.txt,bcp,burkholderia_cepacia,negative,MAC,colony_photo,not_applicable,640,nature_colony,nature_colony_bcp,
bcp/bcp_49.jpg,bcp_txt/bcp_49.txt,bcp,burkholderia_cepacia,negative,MAC,colony_photo,not_applicable,510,nature_colony,nature_colony_bcp,
bcp/bcp_50.jpg,bcp_txt/bcp_50.txt,bcp,burkholderia_cepacia,negative,MAC,colony_photo,not_applicable,653,nature_colony,nature_colony_bcp,
cst/cst_01.jpg,cst_txt/cst_01.txt,cst,corynebacterium_striatum,positive,BAP,colony_photo,not_applicable,46,nature_colony,nature_colony_cst,
cst/cst_02.jpg,cst_txt/cst_02.txt,cst,corynebacterium_striatum,positive,BAP,colony_photo,not_applicable,43,nature_colony,nature_colony_cst,
cst/cst_03.jpg,cst_txt/cst_03.txt,cst,corynebacterium_striatum,positive,BAP,colony_photo,not_applicable,41,nature_colony,nature_colony_cst,
cst/cst_04.jpg,cst_txt/cst_04.txt,cst,corynebacterium_striatum,positive,BAP,colony_photo,not_applicable,73,nature_colony,nature_colony_cst,
cst/cst_05.jpg,cst_txt/cst_05.txt,cst,corynebacterium_striatum,positive,BAP,colony_photo,not_applicable,76,nature_colony,nature_colony_cst,
cst/cst_06.jpg,cst_txt/cst_06.txt,cst,corynebacterium_striatum,positive,BAP,colony_photo,not_applicable,25,nature_colony,nature_colony_cst,
cst/cst_07.jpg,cst_txt/cst_07.txt,cst,corynebacterium_striatum,positive,BAP,colony_photo,not_applicable,60,nature_colony,nature_colony_cst,
cst/cst_08.jpg,cst_txt/cst_08.txt,cst,corynebacterium_striatum,positive,BAP,colony_photo,not_applicable,14,nature_colony,nature_colony_cst,
cst/cst_09.jpg,cst_txt/cst_09.txt,cst,corynebacterium_striatum,positive,BAP,colony_photo,not_applicable,7,nature_colony,nature_colony_cst,
cst/cst_10.jpg,cst_txt/cst_10.txt,cst,corynebacterium_striatum,positive,BAP,colony_photo,not_applicable,6,nature_colony,nature_colony_cst,
cst/cst_11.jpg,cst_txt/cst_11.txt,cst,corynebacterium_striatum,positive,BAP,colony_photo,not_applicable,4,nature_colony,nature_colony_cst,
cst/cst_12.jpg,cst_txt/cst_12.txt,cst,corynebacterium_striatum,positive,BAP,colony_photo,not_applicable,56,nature_colony,nature_colony_cst,
cst/cst_13.jpg,cst_txt/cst_13.txt,cst,corynebacterium_striatum,positive,BAP,colony_photo,not_applicable,14,nature_colony,nature_colony_cst,
cst/cst_14.jpg,cst_txt/cst_14.txt,cst,corynebacterium_striatum,positive,BAP,colony_photo,not_applicable,8,nature_colony,nature_colony_cst,
cst/cst_15.jpg,cst_txt/cst_15.txt,cst,corynebacterium_striatum,positive,BAP,colony_photo,not_applicable,7,nature_colony,nature_colony_cst,
cst/cst_16.jpg,cst_txt/cst_16.txt,cst,corynebacterium_striatum,positive,BAP,colony_photo,not_applicable,70,nature_colony,nature_colony_cst,
cst/cst_17.jpg,cst_txt/cst_17.txt,cst,corynebacterium_striatum,positive,BAP,colony_photo,not_applicable,5,nature_colony,nature_colony_cst,
cst/cst_18.jpg,cst_txt/cst_18.txt,cst,corynebacterium_striatum,positive,BAP,colony_photo,not_applicable,7,nature_colony,nature_colony_cst,
cst/cst_19.jpg,cst_txt/cst_19.txt,cst,corynebacterium_striatum,positive,BAP,colony_photo,not_applicable,20,nature_colony,nature_colony_cst,
cst/cst_20.jpg,cst_txt/cst_20.txt,cst,corynebacterium_striatum,positive,BAP,colony_photo,not_applicable,3,nature_colony,nature_colony_cst,
cst/cst_21.jpg,cst_txt/cst_21.txt,cst,corynebacterium_striatum,positive,BAP,colony_photo,not_applicable,5,nature_colony,nature_colony_cst,
cst/cst_22.jpg,cst_txt/cst_22.txt,cst,corynebacterium_striatum,positive,BAP,colony_photo,not_applicable,7,nature_colony,nature_colony_cst,
cst/cst_23.jpg,cst_txt/cst_23.txt,cst,corynebacterium_striatum,positive,BAP,colony_photo,not_applicable,42,nature_colony,nature_colony_cst,
cst/cst_24.jpg,cst_txt/cst_24.txt,cst,corynebacterium_striatum,positive,BAP,colony_photo,not_applicable,55,nature_colony,nature_colony_cst,
cst/cst_25.jpg,cst_txt/cst_25.txt,cst,corynebacterium_striatum,positive,BAP,colony_photo,not_applicable,71,nature_colony,nature_colony_cst,
cst/cst_26.jpg,cst_txt/cst_26.txt,cst,corynebacterium_striatum,positive,BAP,colony_photo,not_applicable,103,nature_colony,nature_colony_cst,
cst/cst_27.jpg,cst_txt/cst_27.txt,cst,corynebacterium_striatum,positive,BAP,colony_photo,not_applicable,107,nature_colony,nature_colony_cst,
cst/cst_28.jpg,cst_txt/cst_28.txt,cst,corynebacterium_striatum,positive,BAP,colony_photo,not_applicable,74,nature_colony,nature_colony_cst,
cst/cst_29.jpg,cst_txt/cst_29.txt,cst,corynebacterium_striatum,positive,BAP,colony_photo,not_applicable,77,nature_colony,nature_colony_cst,
cst/cst_30.jpg,cst_txt/cst_30.txt,cst,corynebacterium_striatum,positive,BAP,colony_photo,not_applicable,50,nature_colony,nature_colony_cst,
cst/cst_31.jpg,cst_txt/cst_31.txt,cst,corynebacterium_striatum,positive,BAP,colony_photo,not_applicable,79,nature_colony,nature_colony_cst,
cst/cst_32.jpg,cst_txt/cst_32.txt,cst,corynebacterium_striatum,positive,BAP,colony_photo,not_applicable,97,nature_colony,nature_colony_cst,
cst/cst_33.jpg,cst_txt/cst_33.txt,cst,corynebacterium_striatum,positive,BAP,colony_photo,not_applicable,112,nature_colony,nature_colony_cst,
cst/cst_34.jpg,cst_txt/cst_34.txt,cst,corynebacterium_striatum,positive,BAP,colony_photo,not_applicable,103,nature_colony,nature_colony_cst,
cst/cst_35.jpg,cst_txt/cst_35.txt,cst,corynebacterium_striatum,positive,BAP,colony_photo,not_applicable,81,nature_colony,nature_colony_cst,
cst/cst_36.jpg,cst_txt/cst_36.txt,cst,corynebacterium_striatum,positive,BAP,colony_photo,not_applicable,103,nature_colony,nature_colony_cst,
cst/cst_37.jpg,cst_txt/cst_37.txt,cst,corynebacterium_striatum,positive,BAP,colony_photo,not_applicable,116,nature_colony,nature_colony_cst,
cst/cst_38.jpg,cst_txt/cst_38.txt,cst,corynebacterium_striatum,positive,BAP,colony_photo,not_applicable,129,nature_colony,nature_colony_cst,
cst/cst_39.jpg,cst_txt/cst_39.txt,cst,corynebacterium_striatum,positive,BAP,colony_photo,not_applicable,95,nature_colony,nature_colony_cst,
cst/cst_40.jpg,cst_txt/cst_40.txt,cst,corynebacterium_striatum,positive,BAP,colony_photo,not_applicable,92,nature_colony,nature_colony_cst,
cst/cst_41.jpg,cst_txt/cst_41.txt,cst,corynebacterium_striatum,positive,BAP,colony_photo,not_applicable,37,nature_colony,nature_colony_cst,
cst/cst_42.jpg,cst_txt/cst_42.txt,cst,corynebacterium_striatum,positive,BAP,colony_photo,not_applicable,46,nature_colony,nature_colony_cst,
cst/cst_43.jpg,cst_txt/cst_43.txt,cst,corynebacterium_striatum,positive,BAP,colony_photo,not_applicable,42,nature_colony,nature_colony_cst,
cst/cst_44.jpg,cst_txt/cst_44.txt,cst,corynebacterium_striatum,positive,BAP,colony_photo,not_applicable,60,nature_colony,nature_colony_cst,
cst/cst_45.jpg,cst_txt/cst_45.txt,cst,corynebacterium_striatum,positive,BAP,colony_photo,not_applicable,32,nature_colony,nature_colony_cst,
cst/cst_46.jpg,cst_txt/cst_46.txt,cst,corynebacterium_striatum,positive,BAP,colony_photo,not_applicable,24,nature_colony,nature_colony_cst,
cst/cst_47.jpg,cst_txt/cst_47.txt,cst,corynebacterium_striatum,positive,BAP,colony_photo,not_applicable,39,nature_colony,nature_colony_cst,
cst/cst_48.jpg,cst_txt/cst_48.txt,cst,corynebacterium_striatum,positive,BAP,colony_photo,not_applicable,60,nature_colony,nature_colony_cst,
cst/cst_49.jpg,cst_txt/cst_49.txt,cst,corynebacterium_striatum,positive,BAP,colony_photo,not_applicable,84,nature_colony,nature_colony_cst,
cst/cst_50.jpg,cst_txt/cst_50.txt,cst,corynebacterium_striatum,positive,BAP,colony_photo,not_applicable,48,nature_colony,nature_colony_cst,
eca/eca_01.jpg,eca_txt/eca_01.txt,eca,enterococcus_casseliflavus,positive,BAP,colony_photo,not_applicable,10,nature_colony,nature_colony_eca,
eca/eca_02.jpg,eca_txt/eca_02.txt,eca,enterococcus_casseliflavus,positive,BAP,colony_photo,not_applicable,10,nature_colony,nature_colony_eca,
eca/eca_03.jpg,eca_txt/eca_03.txt,eca,enterococcus_casseliflavus,positive,BAP,colony_photo,not_applicable,9,nature_colony,nature_colony_eca,
eca/eca_04.jpg,eca_txt/eca_04.txt,eca,enterococcus_casseliflavus,positive,BAP,colony_photo,not_applicable,16,nature_colony,nature_colony_eca,
eca/eca_05.jpg,eca_txt/eca_05.txt,eca,enterococcus_casseliflavus,positive,BAP,colony_photo,not_applicable,18,nature_colony,nature_colony_eca,
eca/eca_06.jpg,eca_txt/eca_06.txt,eca,enterococcus_casseliflavus,positive,BAP,colony_photo,not_applicable,25,nature_colony,nature_colony_eca,
eca/eca_07.jpg,eca_txt/eca_07.txt,eca,enterococcus_casseliflavus,positive,BAP,colony_photo,not_applicable,72,nature_colony,nature_colony_eca,
eca/eca_08.jpg,eca_txt/eca_08.txt,eca,enterococcus_casseliflavus,positive,BAP,colony_photo,not_applicable,70,nature_colony,nature_colony_eca,
eca/eca_09.jpg,eca_txt/eca_09.txt,eca,enterococcus_casseliflavus,positive,BAP,colony_photo,not_applicable,95,nature_colony,nature_colony_eca,
eca/eca_10.jpg,eca_txt/eca_10.txt,eca,enterococcus_casseliflavus,positive,BAP,colony_photo,not_applicable,95,nature_colony,nature_colony_eca,
eca/eca_11.jpg,eca_txt/eca_11.txt,eca,enterococcus_casseliflavus,positive,BAP,colony_photo,not_applicable,63,nature_colony,nature_colony_eca,
eca/eca_12.jpg,eca_txt/eca_12.txt,eca,enterococcus_casseliflavus,positive,BAP,colony_photo,not_applicable,112,nature_colony,nature_colony_eca,
eca/eca_13.jpg,eca_txt/eca_13.txt,eca,enterococcus_casseliflavus,positive,BAP,colony_photo,not_applicable,42,nature_colony,nature_colony_eca,
eca/eca_14.jpg,eca_txt/eca_14.txt,eca,enterococcus_casseliflavus,positive,BAP,colony_photo,not_applicable,41,nature_colony,nature_colony_eca,
eca/eca_15.jpg,eca_txt/eca_15.txt,eca,enterococcus_casseliflavus,positive,BAP,colony_photo,not_applicable,49,nature_colony,nature_colony_eca,
eca/eca_16.jpg,eca_txt/eca_16.txt,eca,enterococcus_casseliflavus,positive,BAP,colony_photo,not_applicable,44,nature_colony,nature_colony_eca,
eca/eca_17.jpg,eca_txt/eca_17.txt,eca,enterococcus_casseliflavus,positive,BAP,colony_photo,not_applicable,79,nature_colony,nature_colony_eca,
eca/eca_18.jpg,eca_txt/eca_18.txt,eca,enterococcus_casseliflavus,positive,BAP,colony_photo,not_applicable,118,nature_colony,nature_colony_eca,
eca/eca_19.jpg,eca_txt/eca_19.txt,eca,enterococcus_casseliflavus,positive,BAP,colony_photo,not_applicable,123,nature_colony,nature_colony_eca,
eca/eca_20.jpg,eca_txt/eca_20.txt,eca,enterococcus_casseliflavus,positive,BAP,colony_photo,not_applicable,87,nature_colony,nature_colony_eca,
eca/eca_21.jpg,eca_txt/eca_21.txt,eca,enterococcus_casseliflavus,positive,BAP,colony_photo,not_applicable,76,nature_colony,nature_colony_eca,
eca/eca_22.jpg,eca_txt/eca_22.txt,eca,enterococcus_casseliflavus,positive,BAP,colony_photo,not_applicable,70,nature_colony,nature_colony_eca,
eca/eca_23.jpg,eca_txt/eca_23.txt,eca,enterococcus_casseliflavus,positive,BAP,colony_photo,not_applicable,80,nature_colony,nature_colony_eca,
eca/eca_24.jpg,eca_txt/eca_24.txt,eca,enterococcus_casseliflavus,positive,BAP,colony_photo,not_applicable,102,nature_colony,nature_colony_eca,
eca/eca_25.jpg,eca_txt/eca_25.txt,eca,enterococcus_casseliflavus,positive,BAP,colony_photo,not_applicable,103,nature_colony,nature_colony_eca,
eca/eca_26.jpg,eca_txt/eca_26.txt,eca,enterococcus_casseliflavus,positive,BAP,colony_photo,not_applicable,52,nature_colony,nature_colony_eca,
eca/eca_27.jpg,eca_txt/eca_27.txt,eca,enterococcus_casseliflavus,positive,BAP,colony_photo,not_applicable,51,nature_colony,nature_colony_eca,
eca/eca_28.jpg,eca_txt/eca_28.txt,eca,enterococcus_casseliflavus,positive,BAP,colony_photo,not_applicable,94,nature_colony,nature_colony_eca,
eca/eca_29.jpg,eca_txt/eca_29.txt,eca,enterococcus_casseliflavus,positive,BAP,colony_photo,not_applicable,76,nature_colony,nature_colony_eca,
eca/eca_30.jpg,eca_txt/eca_30.txt,eca,enterococcus_casseliflavus,positive,BAP,colony_photo,not_applicable,58,nature_colony,nature_colony_eca,
eca/eca_31.jpg,eca_txt/eca_31.txt,eca,enterococcus_casseliflavus,positive,BAP,colony_photo,not_applicable,117,nature_colony,nature_colony_eca,
eca/eca_32.jpg,eca_txt/eca_32.txt,eca,enterococcus_casseliflavus,positive,BAP,colony_photo,not_applicable,53,nature_colony,nature_colony_eca,
eca/eca_33.jpg,eca_txt/eca_33.txt,eca,enterococcus_casseliflavus,positive,BAP,colony_photo,not_applicable,101,nature_colony,nature_colony_eca,
eca/eca_34.jpg,eca_txt/eca_34.txt,eca,enterococcus_casseliflavus,positive,BAP,colony_photo,not_applicable,137,nature_colony,nature_colony_eca,
eca/eca_35.jpg,eca_txt/eca_35.txt,eca,enterococcus_casseliflavus,positive,BAP,colony_photo,not_applicable,113,nature_colony,nature_colony_eca,
eca/eca_36.jpg,eca_txt/eca_36.txt,eca,enterococcus_casseliflavus,positive,BAP,colony_photo,not_applicable,114,nature_colony,nature_colony_eca,
eca/eca_37.jpg,eca_txt/eca_37.txt,eca,enterococcus_casseliflavus,positive,BAP,colony_photo,not_applicable,38,nature_colony,nature_colony_eca,
eca/eca_38.jpg,eca_txt/eca_38.txt,eca,enterococcus_casseliflavus,positive,BAP,colony_photo,not_applicable,71,nature_colony,nature_colony_eca,
eca/eca_39.jpg,eca_txt/eca_39.txt,eca,enterococcus_casseliflavus,positive,BAP,colony_photo,not_applicable,41,nature_colony,nature_colony_eca,
eca/eca_40.jpg,eca_txt/eca_40.txt,eca,enterococcus_casseliflavus,positive,BAP,colony_photo,not_applicable,80,nature_colony,nature_colony_eca,
eca/eca_41.jpg,eca_txt/eca_41.txt,eca,enterococcus_casseliflavus,positive,BAP,colony_photo,not_applicable,125,nature_colony,nature_colony_eca,
eca/eca_42.jpg,eca_txt/eca_42.txt,eca,enterococcus_casseliflavus,positive,BAP,colony_photo,not_applicable,155,nature_colony,nature_colony_eca,
eca/eca_43.jpg,eca_txt/eca_43.txt,eca,enterococcus_casseliflavus,positive,BAP,colony_photo,not_applicable,16,nature_colony,nature_colony_eca,
eca/eca_44.jpg,eca_txt/eca_44.txt,eca,enterococcus_casseliflavus,positive,BAP,colony_photo,not_applicable,114,nature_colony,nature_colony_eca,
eca/eca_45.jpg,eca_txt/eca_45.txt,eca,enterococcus_casseliflavus,positive,BAP,colony_photo,not_applicable,7,nature_colony,nature_colony_eca,
eca/eca_46.jpg,eca_txt/eca_46.txt,eca,enterococcus_casseliflavus,positive,BAP,colony_photo,not_applicable,22,nature_colony,nature_colony_eca,
eca/eca_47.jpg,eca_txt/eca_47.txt,eca,enterococcus_casseliflavus,positive,BAP,colony_photo,not_applicable,23,nature_colony,nature_colony_eca,
eca/eca_48.jpg,eca_txt/eca_48.txt,eca,enterococcus_casseliflavus,positive,BAP,colony_photo,not_applicable,172,nature_colony,nature_colony_eca,
eca/eca_49.jpg,eca_txt/eca_49.txt,eca,enterococcus_casseliflavus,positive,BAP,colony_photo,not_applicable,90,nature_colony,nature_colony_eca,
eca/eca_50.jpg,eca_txt/eca_50.txt,eca,enterococcus_casseliflavus,positive,BAP,colony_photo,not_applicable,83,nature_colony,nature_colony_eca,
eco/eco_01.jpg,eco_txt/eco_01.txt,eco,escherichia_coli,negative,BAP,colony_photo,not_applicable,30,nature_colony,nature_colony_eco,
eco/eco_02.jpg,eco_txt/eco_02.txt,eco,escherichia_coli,negative,BAP,colony_photo,not_applicable,32,nature_colony,nature_colony_eco,
eco/eco_03.jpg,eco_txt/eco_03.txt,eco,escherichia_coli,negative,BAP,colony_photo,not_applicable,39,nature_colony,nature_colony_eco,
eco/eco_04.jpg,eco_txt/eco_04.txt,eco,escherichia_coli,negative,BAP,colony_photo,not_applicable,26,nature_colony,nature_colony_eco,
eco/eco_05.jpg,eco_txt/eco_05.txt,eco,escherichia_coli,negative,BAP,colony_photo,not_applicable,35,nature_colony,nature_colony_eco,
eco/eco_06.jpg,eco_txt/eco_06.txt,eco,escherichia_coli,negative,BAP,colony_photo,not_applicable,33,nature_colony,nature_colony_eco,
eco/eco_07.jpg,eco_txt/eco_07.txt,eco,escherichia_coli,negative,BAP,colony_photo,not_applicable,51,nature_colony,nature_colony_eco,
eco/eco_08.jpg,eco_txt/eco_08.txt,eco,escherichia_coli,negative,BAP,colony_photo,not_applicable,56,nature_colony,nature_colony_eco,
eco/eco_09.jpg,eco_txt/eco_09.txt,eco,escherichia_coli,negative,BAP,colony_photo,not_applicable,36,nature_colony,nature_colony_eco,
eco/eco_10.jpg,eco_txt/eco_10.txt,eco,escherichia_coli,negative,BAP,colony_photo,not_applicable,13,nature_colony,nature_colony_eco,
eco/eco_11.jpg,eco_txt/eco_11.txt,eco,escherichia_coli,negative,BAP,colony_photo,not_applicable,6,nature_colony,nature_colony_eco,
eco/eco_12.jpg,eco_txt/eco_12.txt,eco,escherichia_coli,negative,BAP,colony_photo,not_applicable,15,nature_colony,nature_colony_eco,
eco/eco_13.jpg,eco_txt/eco_13.txt,eco,escherichia_coli,negative,BAP,colony_photo,not_applicable,34,nature_colony,nature_colony_eco,
eco/eco_14.jpg,eco_txt/eco_14.txt,eco,escherichia_coli,negative,BAP,colony_photo,not_applicable,20,nature_colony,nature_colony_eco,
eco/eco_15.jpg,eco_txt/eco_15.txt,eco,escherichia_coli,negative,BAP,colony_photo,not_applicable,34,nature_colony,nature_colony_eco,
eco/eco_16.jpg,eco_txt/eco_16.txt,eco,escherichia_coli,negative,BAP,colony_photo,not_applicable,43,nature_colony,nature_colony_eco,
eco/eco_17.jpg,eco_txt/eco_17.txt,eco,escherichia_coli,negative,BAP,colony_photo,not_applicable,51,nature_colony,nature_colony_eco,
eco/eco_18.jpg,eco_txt/eco_18.txt,eco,escherichia_coli,negative,BAP,colony_photo,not_applicable,31,nature_colony,nature_colony_eco,
eco/eco_19.jpg,eco_txt/eco_19.txt,eco,escherichia_coli,negative,BAP,colony_photo,not_applicable,47,nature_colony,nature_colony_eco,
eco/eco_20.jpg,eco_txt/eco_20.txt,eco,escherichia_coli,negative,BAP,colony_photo,not_applicable,32,nature_colony,nature_colony_eco,
eco/eco_21.jpg,eco_txt/eco_21.txt,eco,escherichia_coli,negative,BAP,colony_photo,not_applicable,30,nature_colony,nature_colony_eco,
eco/eco_22.jpg,eco_txt/eco_22.txt,eco,escherichia_coli,negative,BAP,colony_photo,not_applicable,38,nature_colony,nature_colony_eco,
eco/eco_23.jpg,eco_txt/eco_23.txt,eco,escherichia_coli,negative,BAP,colony_photo,not_applicable,19,nature_colony,nature_colony_eco,
eco/eco_24.jpg,eco_txt/eco_24.txt,eco,escherichia_coli,negative,BAP,colony_photo,not_applicable,30,nature_colony,nature_colony_eco,
eco/eco_25.jpg,eco_txt/eco_25.txt,eco,escherichia_coli,negative,BAP,colony_photo,not_applicable,22,nature_colony,nature_colony_eco,
eco/eco_26.jpg,eco_txt/eco_26.txt,eco,escherichia_coli,negative,BAP,colony_photo,not_applicable,23,nature_colony,nature_colony_eco,
eco/eco_27.jpg,eco_txt/eco_27.txt,eco,escherichia_coli,negative,BAP,colony_photo,not_applicable,33,nature_colony,nature_colony_eco,
eco/eco_28.jpg,eco_txt/eco_28.txt,eco,escherichia_coli,negative,BAP,colony_photo,not_applicable,29,nature_colony,nature_colony_eco,
eco/eco_29.jpg,eco_txt/eco_29.txt,eco,escherichia_coli,negative,BAP,colony_photo,not_applicable,44,nature_colony,nature_colony_eco,
eco/eco_30.jpg,eco_txt/eco_30.txt,eco,escherichia_coli,negative,BAP,colony_photo,not_applicable,31,nature_colony,nature_colony_eco,
eco/eco_31.jpg,eco_txt/eco_31.txt,eco,escherichia_coli,negative,BAP,colony_photo,not_applicable,13,nature_colony,nature_colony_eco,
eco/eco_32.jpg,eco_txt/eco_32.txt,eco,escherichia_coli,negative,BAP,colony_photo,not_applicable,8,nature_colony,nature_colony_eco,
eco/eco_33.jpg,eco_txt/eco_33.txt,eco,escherichia_coli,negative,BAP,colony_photo,not_applicable,13,nature_colony,nature_colony_eco,
eco/eco_34.jpg,eco_txt/eco_34.txt,eco,escherichia_coli,negative,BAP,colony_photo,not_applicable,12,nature_colony,nature_colony_eco,
eco/eco_35.jpg,eco_txt/eco_35.txt,eco,escherichia_coli,negative,BAP,colony_photo,not_applicable,44,nature_colony,nature_colony_eco,
eco/eco_36.jpg,eco_txt/eco_36.txt,eco,escherichia_coli,negative,BAP,colony_photo,not_applicable,41,nature_colony,nature_colony_eco,
eco/eco_37.jpg,eco_txt/eco_37.txt,eco,escherichia_coli,negative,BAP,colony_photo,not_applicable,24,nature_colony,nature_colony_eco,
eco/eco_38.jpg,eco_txt/eco_38.txt,eco,escherichia_coli,negative,BAP,colony_photo,not_applicable,47,nature_colony,nature_colony_eco,
eco/eco_39.jpg,eco_txt/eco_39.txt,eco,escherichia_coli,negative,BAP,colony_photo,not_applicable,46,nature_colony,nature_colony_eco,
eco/eco_40.jpg,eco_txt/eco_40.txt,eco,escherichia_coli,negative,BAP,colony_photo,not_applicable,52,nature_colony,nature_colony_eco,
eco/eco_41.jpg,eco_txt/eco_41.txt,eco,escherichia_coli,negative,BAP,colony_photo,not_applicable,30,nature_colony,nature_colony_eco,
eco/eco_42.jpg,eco_txt/eco_42.txt,eco,escherichia_coli,negative,BAP,colony_photo,not_applicable,23,nature_colony,nature_colony_eco,
eco/eco_43.jpg,eco_txt/eco_43.txt,eco,escherichia_coli,negative,BAP,colony_photo,not_applicable,29,nature_colony,nature_colony_eco,
eco/eco_44.jpg,eco_txt/eco_44.txt,eco,escherichia_coli,negative,BAP,colony_photo,not_applicable,24,nature_colony,nature_colony_eco,
eco/eco_45.jpg,eco_txt/eco_45.txt,eco,escherichia_coli,negative,BAP,colony_photo,not_applicable,16,nature_colony,nature_colony_eco,
eco/eco_46.jpg,eco_txt/eco_46.txt,eco,escherichia_coli,negative,BAP,colony_photo,not_applicable,15,nature_colony,nature_colony_eco,
eco/eco_47.jpg,eco_txt/eco_47.txt,eco,escherichia_coli,negative,BAP,colony_photo,not_applicable,30,nature_colony,nature_colony_eco,
eco/eco_48.jpg,eco_txt/eco_48.txt,eco,escherichia_coli,negative,BAP,colony_photo,not_applicable,17,nature_colony,nature_colony_eco,
eco/eco_49.jpg,eco_txt/eco_49.txt,eco,escherichia_coli,negative,BAP,colony_photo,not_applicable,20,nature_colony,nature_colony_eco,
eco/eco_50.jpg,eco_txt/eco_50.txt,eco,escherichia_coli,negative,BAP,colony_photo,not_applicable,108,nature_colony,nature_colony_eco,
efa/efa_01.jpg,efa_txt/efa_01.txt,efa,enterococcus_faecium,positive,BAP,colony_photo,not_applicable,28,nature_colony,nature_colony_efa,
efa/efa_02.jpg,efa_txt/efa_02.txt,efa,enterococcus_faecium,positive,BAP,colony_photo,not_applicable,26,nature_colony,nature_colony_efa,
efa/efa_03.jpg,efa_txt/efa_03.txt,efa,enterococcus_faecium,positive,BAP,colony_photo,not_applicable,25,nature_colony,nature_colony_efa,
efa/efa_04.jpg,efa_txt/efa_04.txt,efa,enterococcus_faecium,positive,BAP,colony_photo,not_applicable,34,nature_colony,nature_colony_efa,
efa/efa_05.jpg,efa_txt/efa_05.txt,efa,enterococcus_faecium,positive,BAP,colony_photo,not_applicable,26,nature_colony,nature_colony_efa,
efa/efa_06.jpg,efa_txt/efa_06.txt,efa,enterococcus_faecium,positive,BAP,colony_photo,not_applicable,29,nature_colony,nature_colony_efa,
efa/efa_07.jpg,efa_txt/efa_07.txt,efa,enterococcus_faecium,positive,BAP,colony_photo,not_applicable,29,nature_colony,nature_colony_efa,
efa/efa_08.jpg,efa_txt/efa_08.txt,efa,enterococcus_faecium,positive,BAP,colony_photo,not_applicable,28,nature_colony,nature_colony_efa,
efa/efa_09.jpg,efa_txt/efa_09.txt,efa,enterococcus_faecium,positive,BAP,colony_photo,not_applicable,23,nature_colony,nature_colony_efa,
efa/efa_10.jpg,efa_txt/efa_10.txt,efa,enterococcus_faecium,positive,BAP,colony_photo,not_applicable,26,nature_colony,nature_colony_efa,
efa/efa_11.jpg,efa_txt/efa_11.txt,efa,enterococcus_faecium,positive,BAP,colony_photo,not_applicable,35,nature_colony,nature_colony_efa,
efa/efa_12.jpg,efa_txt/efa_12.txt,efa,enterococcus_faecium,positive,BAP,colony_photo,not_applicable,28,nature_colony,nature_colony_efa,
efa/efa_13.jpg,efa_txt/efa_13.txt,efa,enterococcus_faecium,positive,BAP,colony_photo,not_applicable,14,nature_colony,nature_colony_efa,
efa/efa_14.jpg,efa_txt/efa_14.txt,efa,enterococcus_faecium,positive,BAP,colony_photo,not_applicable,11,nature_colony,nature_colony_efa,
efa/efa_15.jpg,efa_txt/efa_15.txt,efa,enterococcus_faecium,positive,BAP,colony_photo,not_applicable,47,nature_colony,nature_colony_efa,
efa/efa_16.jpg,efa_txt/efa_16.txt,efa,enterococcus_faecium,positive,BAP,colony_photo,not_applicable,14,nature_colony,nature_colony_efa,
efa/efa_17.jpg,efa_txt/efa_17.txt,efa,enterococcus_faecium,positive,BAP,colony_photo,not_applicable,35,nature_colony,nature_colony_efa,
efa/efa_18.jpg,efa_txt/efa_18.txt,efa,enterococcus_faecium,positive,BAP,colony_photo,not_applicable,41,nature_colony,nature_colony_efa,
efa/efa_19.jpg,efa_txt/efa_19.txt,efa,enterococcus_faecium,positive,BAP,colony_photo,not_applicable,35,nature_colony,nature_colony_efa,
efa/efa_20.jpg,efa_txt/efa_20.txt,efa,enterococcus_faecium,positive,BAP,colony_photo,not_applicable,45,nature_colony,nature_colony_efa,
efa/efa_21.jpg,efa_txt/efa_21.txt,efa,enterococcus_faecium,positive,BAP,colony_photo,not_applicable,28,nature_colony,nature_colony_efa,
efa/efa_22.jpg,efa_txt/efa_22.txt,efa,enterococcus_faecium,positive,BAP,colony_photo,not_applicable,38,nature_colony,nature_colony_efa,
efa/efa_23.jpg,efa_txt/efa_23.txt,efa,enterococcus_faecium,positive,BAP,colony_photo,not_applicable,39,nature_colony,nature_colony_efa,
efa/efa_24.jpg,efa_txt/efa_24.txt,efa,enterococcus_faecium,positive,BAP,colony_photo,not_applicable,32,nature_colony,nature_colony_efa,
efa/efa_25.jpg,efa_txt/efa_25.txt,efa,enterococcus_faecium,positive,BAP,colony_photo,not_applicable,33,nature_colony,nature_colony_efa,
efa/efa_26.jpg,efa_txt/efa_26.txt,efa,enterococcus_faecium,positive,BAP,colony_photo,not_applicable,31,nature_colony,nature_colony_efa,
efa/efa_27.jpg,efa_txt/efa_27.txt,efa,enterococcus_faecium,positive,BAP,colony_photo,not_applicable,29,nature_colony,nature_colony_efa,
efa/efa_28.jpg,efa_txt/efa_28.txt,efa,enterococcus_faecium,positive,BAP,colony_photo,not_applicable,17,nature_colony,nature_colony_efa,
efa/efa_29.jpg,efa_txt/efa_29.txt,efa,enterococcus_faecium,positive,BAP,colony_photo,not_applicable,24,nature_colony,nature_colony_efa,
efa/efa_30.jpg,efa_txt/efa_30.txt,efa,enterococcus_faecium,positive,BAP,colony_photo,not_applicable,32,nature_colony,nature_colony_efa,
efa/efa_31.jpg,efa_txt/efa_31.txt,efa,enterococcus_faecium,positive,BAP,colony_photo,not_applicable,28,nature_colony,nature_colony_efa,
efa/efa_32.jpg,efa_txt/efa_32.txt,efa,enterococcus_faecium,positive,BAP,colony_photo,not_applicable,36,nature_colony,nature_colony_efa,
efa/efa_33.jpg,efa_txt/efa_33.txt,efa,enterococcus_faecium,positive,BAP,colony_photo,not_applicable,26,nature_colony,nature_colony_efa,
efa/efa_34.jpg,efa_txt/efa_34.txt,efa,enterococcus_faecium,positive,BAP,colony_photo,not_applicable,21,nature_colony,nature_colony_efa,
efa/efa_35.jpg,efa_txt/efa_35.txt,efa,enterococcus_faecium,positive,BAP,colony_photo,not_applicable,52,nature_colony,nature_colony_efa,
efa/efa_36.jpg,efa_txt/efa_36.txt,efa,enterococcus_faecium,positive,BAP,colony_photo,not_applicable,109,nature_colony,nature_colony_efa,
efa/efa_37.jpg,efa_txt/efa_37.txt,efa,enterococcus_faecium,positive,BAP,colony_photo,not_applicable,95,nature_colony,nature_colony_efa,
efa/efa_38.jpg,efa_txt/efa_38.txt,efa,enterococcus_faecium,positive,BAP,colony_photo,not_applicable,82,nature_colony,nature_colony_efa,
efa/efa_39.jpg,efa_txt/efa_39.txt,efa,enterococcus_faecium,positive,BAP,colony_photo,not_applicable,67,nature_colony,nature_colony_efa,
efa/efa_40.jpg,efa_txt/efa_40.txt,efa,enterococcus_faecium,positive,BAP,colony_photo,not_applicable,101,nature_colony,nature_colony_efa,
efa/efa_41.jpg,efa_txt/efa_41.txt,efa,enterococcus_faecium,positive,BAP,colony_photo,not_applicable,111,nature_colony,nature_colony_efa,
efa/efa_42.jpg,efa_txt/efa_42.txt,efa,enterococcus_faecium,positive,BAP,colony_photo,not_applicable,87,nature_colony,nature_colony_efa,
efa/efa_43.jpg,efa_txt/efa_43.txt,efa,enterococcus_faecium,positive,BAP,colony_photo,not_applicable,100,nature_colony,nature_colony_efa,
efa/efa_44.jpg,efa_txt/efa_44.txt,efa,enterococcus_faecium,positive,BAP,colony_photo,not_applicable,104,nature_colony,nature_colony_efa,
efa/efa_45.jpg,efa_txt/efa_45.txt,efa,enterococcus_faecium,positive,BAP,colony_photo,not_applicable,111,nature_colony,nature_colony_efa,
efa/efa_46.jpg,efa_txt/efa_46.txt,efa,enterococcus_faecium,positive,BAP,colony_photo,not_applicable,105,nature_colony,nature_colony_efa,
efa/efa_47.jpg,efa_txt/efa_47.txt,efa,enterococcus_faecium,positive,BAP,colony_photo,not_applicable,86,nature_colony,nature_colony_efa,
efa/efa_48.jpg,efa_txt/efa_48.txt,efa,enterococcus_faecium,positive,BAP,colony_photo,not_applicable,92,nature_colony,nature_colony_efa,
efa/efa_49.jpg,efa_txt/efa_49.txt,efa,enterococcus_faecium,positive,BAP,colony_photo,not_applicable,109,nature_colony,nature_colony_efa,
efa/efa_50.jpg,efa_txt/efa_50.txt,efa,enterococcus_faecium,positive,BAP,colony_photo,not_applicable,58,nature_colony,nature_colony_efa,
enc/enc_01.jpg,enc_txt/enc_01.txt,enc,enterobacter_cloacae,negative,MAC,colony_photo,not_applicable,85,nature_colony,nature_colony_enc,
enc/enc_02.jpg,enc_txt/enc_02.txt,enc,enterobacter_cloacae,negative,MAC,colony_photo,not_applicable,55,nature_colony,nature_colony_enc,
enc/enc_03.jpg,enc_txt/enc_03.txt,enc,enterobacter_cloacae,negative,MAC,colony_photo,not_applicable,71,nature_colony,nature_colony_enc,
enc/enc_04.jpg,enc_txt/enc_04.txt,enc,enterobacter_cloacae,negative,MAC,colony_photo,not_applicable,8,nature_colony,nature_colony_enc,
enc/enc_05.jpg,enc_txt/enc_05.txt,enc,enterobacter_cloacae,negative,MAC,colony_photo,not_applicable,13,nature_colony,nature_colony_enc,
enc/enc_06.jpg,enc_txt/enc_06.txt,enc,enterobacter_cloacae,negative,MAC,colony_photo,not_applicable,70,nature_colony,nature_colony_enc,
enc/enc_07.jpg,enc_txt/enc_07.txt,enc,enterobacter_cloacae,negative,MAC,colony_photo,not_applicable,29,nature_colony,nature_colony_enc,
enc/enc_08.jpg,enc_txt/enc_08.txt,enc,enterobacter_cloacae,negative,MAC,colony_photo,not_applicable,30,nature_colony,nature_colony_enc,
enc/enc_09.jpg,enc_txt/enc_09.txt,enc,enterobacter_cloacae,negative,MAC,colony_photo,not_applicable,12,nature_colony,nature_colony_enc,
enc/enc_10.jpg,enc_txt/enc_10.txt,enc,enterobacter_cloacae,negative,MAC,colony_photo,not_applicable,55,nature_colony,nature_colony_enc,
enc/enc_11.jpg,enc_txt/enc_11.txt,enc,enterobacter_cloacae,negative,MAC,colony_photo,not_applicable,15,nature_colony,nature_colony_enc,
enc/enc_12.jpg,enc_txt/enc_12.txt,enc,enterobacter_cloacae,negative,MAC,colony_photo,not_applicable,31,nature_colony,nature_colony_enc,
enc/enc_13.jpg,enc_txt/enc_13.txt,enc,enterobacter_cloacae,negative,MAC,colony_photo,not_applicable,76,nature_colony,nature_colony_enc,
enc/enc_14.jpg,enc_txt/enc_14.txt,enc,enterobacter_cloacae,negative,MAC,colony_photo,not_applicable,15,nature_colony,nature_colony_enc,
enc/enc_15.jpg,enc_txt/enc_15.txt,enc,enterobacter_cloacae,negative,MAC,colony_photo,not_applicable,60,nature_colony,nature_colony_enc,
enc/enc_16.jpg,enc_txt/enc_16.txt,enc,enterobacter_cloacae,negative,MAC,colony_photo,not_applicable,38,nature_colony,nature_colony_enc,
enc/enc_17.jpg,enc_txt/enc_17.txt,enc,enterobacter_cloacae,negative,MAC,colony_photo,not_applicable,38,nature_colony,nature_colony_enc,
enc/enc_18.jpg,enc_txt/enc_18.txt,enc,enterobacter_cloacae,negative,MAC,colony_photo,not_applicable,43,nature_colony,nature_colony_enc,
enc/enc_19.jpg,enc_txt/enc_19.txt,enc,enterobacter_cloacae,negative,MAC,colony_photo,not_applicable,53,nature_colony,nature_colony_enc,
enc/enc_20.jpg,enc_txt/enc_20.txt,enc,enterobacter_cloacae,negative,MAC,colony_photo,not_applicable,30,nature_colony,nature_colony_enc,
enc/enc_21.jpg,enc_txt/enc_21.txt,enc,enterobacter_cloacae,negative,MAC,colony_photo,not_applicable,30,nature_colony,nature_colony_enc,
enc/enc_22.jpg,enc_txt/enc_22.txt,enc,enterobacter_cloacae,negative,MAC,colony_photo,not_applicable,30,nature_colony,nature_colony_enc,
enc/enc_23.jpg,enc_txt/enc_23.txt,enc,enterobacter_cloacae,negative,MAC,colony_photo,not_applicable,15,nature_colony,nature_colony_enc,
enc/enc_24.jpg,enc_txt/enc_24.txt,enc,enterobacter_cloacae,negative,MAC,colony_photo,not_applicable,14,nature_colony,nature_colony_enc,
enc/enc_25.jpg,enc_txt/enc_25.txt,enc,enterobacter_cloacae,negative,MAC,colony_photo,not_applicable,11,nature_colony,nature_colony_enc,
enc/enc_26.jpg,enc_txt/enc_26.txt,enc,enterobacter_cloacae,negative,MAC,colony_photo,not_applicable,5,nature_colony,nature_colony_enc,
enc/enc_27.jpg,enc_txt/enc_27.txt,enc,enterobacter_cloacae,negative,MAC,colony_photo,not_applicable,9,nature_colony,nature_colony_enc,
enc/enc_28.jpg,enc_txt/enc_28.txt,enc,enterobacter_cloacae,negative,MAC,colony_photo,not_applicable,11,nature_colony,nature_colony_enc,
enc/enc_29.jpg,enc_txt/enc_29.txt,enc,enterobacter_cloacae,negative,MAC,colony_photo,not_applicable,9,nature_colony,nature_colony_enc,
enc/enc_30.jpg,enc_txt/enc_30.txt,enc,enterobacter_cloacae,negative,MAC,colony_photo,not_applicable,41,nature_colony,nature_colony_enc,
enc/enc_31.jpg,enc_txt/enc_31.txt,enc,enterobacter_cloacae,negative,MAC,colony_photo,not_applicable,42,nature_colony,nature_colony_enc,
enc/enc_32.jpg,enc_txt/enc_32.txt,enc,enterobacter_cloacae,negative,MAC,colony_photo,not_applicable,37,nature_colony,nature_colony_enc,
enc/enc_33.jpg,enc_txt/enc_33.txt,enc,enterobacter_cloacae,negative,MAC,colony_photo,not_applicable,43,nature_colony,nature_colony_enc,
enc/enc_34.jpg,enc_txt/enc_34.txt,enc,enterobacter_cloacae,negative,MAC,colony_photo,not_applicable,29,nature_colony,nature_colony_enc,
enc/enc_35.jpg,enc_txt/enc_35.txt,enc,enterobacter_cloacae,negative,MAC,colony_photo,not_applicable,41,nature_colony,nature_colony_enc,
enc/enc_36.jpg,enc_txt/enc_36.txt,enc,enterobacter_cloacae,negative,MAC,colony_photo,not_applicable,32,nature_colony,nature_colony_enc,
enc/enc_37.jpg,enc_txt/enc_37.txt,enc,enterobacter_cloacae,negative,MAC,colony_photo,not_applicable,80,nature_colony,nature_colony_enc,
enc/enc_38.jpg,enc_txt/enc_38.txt,enc,enterobacter_cloacae,negative,MAC,colony_photo,not_applicable,50,nature_colony,nature_colony_enc,
enc/enc_39.jpg,enc_txt/enc_39.txt,enc,enterobacter_cloacae,negative,MAC,colony_photo,not_applicable,76,nature_colony,nature_colony_enc,
enc/enc_40.jpg,enc_txt/enc_40.txt,enc,enterobacter_cloacae,negative,MAC,colony_photo,not_applicable,86,nature_colony,nature_colony_enc,
enc/enc_41.jpg,enc_txt/enc_41.txt,enc,enterobacter_cloacae,negative,MAC,colony_photo,not_applicable,45,nature_colony,nature_colony_enc,
enc/enc_42.jpg,enc_txt/enc_42.txt,enc,enterobacter_cloacae,negative,MAC,colony_photo,not_applicable,54,nature_colony,nature_colony_enc,
enc/enc_43.jpg,enc_txt/enc_43.txt,enc,enterobacter_cloacae,negative,MAC,colony_photo,not_applicable,64,nature_colony,nature_colony_enc,
enc/enc_44.jpg,enc_txt/enc_44.txt,enc,enterobacter_cloacae,negative,MAC,colony_photo,not_applicable,11,nature_colony,nature_colony_enc,
enc/enc_45.jpg,enc_txt/enc_45.txt,enc,enterobacter_cloacae,negative,MAC,colony_photo,not_applicable,15,nature_colony,nature_colony_enc,
enc/enc_46.jpg,enc_txt/enc_46.txt,enc,enterobacter_cloacae,negative,MAC,colony_photo,not_applicable,7,nature_colony,nature_colony_enc,
enc/enc_47.jpg,enc_txt/enc_47.txt,enc,enterobacter_cloacae,negative,MAC,colony_photo,not_applicable,18,nature_colony,nature_colony_enc,
enc/enc_48.jpg,enc_txt/enc_48.txt,enc,enterobacter_cloacae,negative,MAC,colony_photo,not_applicable,9,nature_colony,nature_colony_enc,
enc/enc_49.jpg,enc_txt/enc_49.txt,enc,enterobacter_cloacae,negative,MAC,colony_photo,not_applicable,16,nature_colony,nature_colony_enc,
enc/enc_50.jpg,enc_txt/enc_50.txt,enc,enterobacter_cloacae,negative,MAC,colony_photo,not_applicable,97,nature_colony,nature_colony_enc,
kpn/kpn_01.jpg,kpn_txt/kpn_01.txt,kpn,klebsiella_pneumoniae,negative,MAC,colony_photo,not_applicable,4,nature_colony,nature_colony_kpn,
kpn/kpn_02.jpg,kpn_txt/kpn_02.txt,kpn,klebsiella_pneumoniae,negative,MAC,colony_photo,not_applicable,3,nature_colony,nature_colony_kpn,
kpn/kpn_03.jpg,kpn_txt/kpn_03.txt,kpn,klebsiella_pneumoniae,negative,MAC,colony_photo,not_applicable,27,nature_colony,nature_colony_kpn,
kpn/kpn_04.jpg,kpn_txt/kpn_04.txt,kpn,klebsiella_pneumoniae,negative,MAC,colony_photo,not_applicable,138,nature_colony,nature_colony_kpn,
kpn/kpn_05.jpg,kpn_txt/kpn_05.txt,kpn,klebsiella_pneumoniae,negative,MAC,colony_photo,not_applicable,6,nature_colony,nature_colony_kpn,
kpn/kpn_06.jpg,kpn_txt/kpn_06.txt,kpn,klebsiella_pneumoniae,negative,MAC,colony_photo,not_applicable,10,nature_colony,nature_colony_kpn,
kpn/kpn_07.jpg,kpn_txt/kpn_07.txt,kpn,klebsiella_pneumoniae,negative,MAC,colony_photo,not_applicable,6,nature_colony,nature_colony_kpn,
kpn/kpn_08.jpg,kpn_txt/kpn_08.txt,kpn,klebsiella_pneumoniae,negative,MAC,colony_photo,not_applicable,7,nature_colony,nature_colony_kpn,
kpn/kpn_09.jpg,kpn_txt/kpn_09.txt,kpn,klebsiella_pneumoniae,negative,MAC,colony_photo,not_applicable,35,nature_colony,nature_colony_kpn,
kpn/kpn_10.jpg,kpn_txt/kpn_10.txt,kpn,klebsiella_pneumoniae,negative,MAC,colony_photo,not_applicable,26,nature_colony,nature_colony_kpn,
kpn/kpn_11.jpg,kpn_txt/kpn_11.txt,kpn,klebsiella_pneumoniae,negative,MAC,colony_photo,not_applicable,30,nature_colony,nature_colony_kpn,
kpn/kpn_12.jpg,kpn_txt/kpn_12.txt,kpn,klebsiella_pneumoniae,negative,MAC,colony_photo,not_applicable,32,nature_colony,nature_colony_kpn,
kpn/kpn_13.jpg,kpn_txt/kpn_13.txt,kpn,klebsiella_pneumoniae,negative,MAC,colony_photo,not_applicable,33,nature_colony,nature_colony_kpn,
kpn/kpn_14.jpg,kpn_txt/kpn_14.txt,kpn,klebsiella_pneumoniae,negative,MAC,colony_photo,not_applicable,3,nature_colony,nature_colony_kpn,
kpn/kpn_15.jpg,kpn_txt/kpn_15.txt,kpn,klebsiella_pneumoniae,negative,MAC,colony_photo,not_applicable,4,nature_colony,nature_colony_kpn,
kpn/kpn_16.jpg,kpn_txt/kpn_16.txt,kpn,klebsiella_pneumoniae,negative,MAC,colony_photo,not_applicable,25,nature_colony,nature_colony_kpn,
kpn/kpn_17.jpg,kpn_txt/kpn_17.txt,kpn,klebsiella_pneumoniae,negative,MAC,colony_photo,not_applicable,25,nature_colony,nature_colony_kpn,
kpn/kpn_18.jpg,kpn_txt/kpn_18.txt,kpn,klebsiella_pneumoniae,negative,MAC,colony_photo,not_applicable,29,nature_colony,nature_colony_kpn,
kpn/kpn_19.jpg,kpn_txt/kpn_19.txt,kpn,klebsiella_pneumoniae,negative,MAC,colony_photo,not_applicable,23,nature_colony,nature_colony_kpn,
kpn/kpn_20.jpg,kpn_txt/kpn_20.txt,kpn,klebsiella_pneumoniae,negative,MAC,colony_photo,not_applicable,26,nature_colony,nature_colony_kpn,
kpn/kpn_21.jpg,kpn_txt/kpn_21.txt,kpn,klebsiella_pneumoniae,negative,MAC,colony_photo,not_applicable,41,nature_colony,nature_colony_kpn,
kpn/kpn_22.jpg,kpn_txt/kpn_22.txt,kpn,klebsiella_pneumoniae,negative,MAC,colony_photo,not_applicable,34,nature_colony,nature_colony_kpn,
kpn/kpn_23.jpg,kpn_txt/kpn_23.txt,kpn,klebsiella_pneumoniae,negative,MAC,colony_photo,not_applicable,21,nature_colony,nature_colony_kpn,
kpn/kpn_24.jpg,kpn_txt/kpn_24.txt,kpn,klebsiella_pneumoniae,negative,MAC,colony_photo,not_applicable,22,nature_colony,nature_colony_kpn,
kpn/kpn_25.jpg,kpn_txt/kpn_25.txt,kpn,klebsiella_pneumoniae,negative,MAC,colony_photo,not_applicable,20,nature_colony,nature_colony_kpn,
kpn/kpn_26.jpg,kpn_txt/kpn_26.txt,kpn,klebsiella_pneumoniae,negative,MAC,colony_photo,not_applicable,15,nature_colony,nature_colony_kpn,
kpn/kpn_27.jpg,kpn_txt/kpn_27.txt,kpn,klebsiella_pneumoniae,negative,MAC,colony_photo,not_applicable,22,nature_colony,nature_colony_kpn,
kpn/kpn_28.jpg,kpn_txt/kpn_28.txt,kpn,klebsiella_pneumoniae,negative,MAC,colony_photo,not_applicable,65,nature_colony,nature_colony_kpn,
kpn/kpn_29.jpg,kpn_txt/kpn_29.txt,kpn,klebsiella_pneumoniae,negative,MAC,colony_photo,not_applicable,45,nature_colony,nature_colony_kpn,
kpn/kpn_30.jpg,kpn_txt/kpn_30.txt,kpn,klebsiella_pneumoniae,negative,MAC,colony_photo,not_applicable,59,nature_colony,nature_colony_kpn,
kpn/kpn_31.jpg,kpn_txt/kpn_31.txt,kpn,klebsiella_pneumoniae,negative,MAC,colony_photo,not_applicable,82,nature_colony,nature_colony_kpn,
kpn/kpn_32.jpg,kpn_txt/kpn_32.txt,kpn,klebsiella_pneumoniae,negative,MAC,colony_photo,not_applicable,7,nature_colony,nature_colony_kpn,
kpn/kpn_33.jpg,kpn_txt/kpn_33.txt,kpn,klebsiella_pneumoniae,negative,MAC,colony_photo,not_applicable,7,nature_colony,nature_colony_kpn,
kpn/kpn_34.jpg,kpn_txt/kpn_34.txt,kpn,klebsiella_pneumoniae,negative,MAC,colony_photo,not_applicable,8,nature_colony,nature_colony_kpn,
kpn/kpn_35.jpg,kpn_txt/kpn_35.txt,kpn,klebsiella_pneumoniae,negative,MAC,colony_photo,not_applicable,100,nature_colony,nature_colony_kpn,
kpn/kpn_36.jpg,kpn_txt/kpn_36.txt,kpn,klebsiella_pneumoniae,negative,MAC,colony_photo,not_applicable,101,nature_colony,nature_colony_kpn,
kpn/kpn_37.jpg,kpn_txt/kpn_37.txt,kpn,klebsiella_pneumoniae,negative,MAC,colony_photo,not_applicable,101,nature_colony,nature_colony_kpn,
kpn/kpn_38.jpg,kpn_txt/kpn_38.txt,kpn,klebsiella_pneumoniae,negative,MAC,colony_photo,not_applicable,111,nature_colony,nature_colony_kpn,
kpn/kpn_39.jpg,kpn_txt/kpn_39.txt,kpn,klebsiella_pneumoniae,negative,MAC,colony_photo,not_applicable,22,nature_colony,nature_colony_kpn,
kpn/kpn_40.jpg,kpn_txt/kpn_40.txt,kpn,klebsiella_pneumoniae,negative,MAC,colony_photo,not_applicable,10,nature_colony,nature_colony_kpn,
kpn/kpn_41.jpg,kpn_txt/kpn_41.txt,kpn,klebsiella_pneumoniae,negative,MAC,colony_photo,not_applicable,13,nature_colony,nature_colony_kpn,
kpn/kpn_42.jpg,kpn_txt/kpn_42.txt,kpn,klebsiella_pneumoniae,negative,MAC,colony_photo,not_applicable,16,nature_colony,nature_colony_kpn,
kpn/kpn_43.jpg,kpn_txt/kpn_43.txt,kpn,klebsiella_pneumoniae,negative,MAC,colony_photo,not_applicable,17,nature_colony,nature_colony_kpn,
kpn/kpn_44.jpg,kpn_txt/kpn_44.txt,kpn,klebsiella_pneumoniae,negative,MAC,colony_photo,not_applicable,18,nature_colony,nature_colony_kpn,
kpn/kpn_45.jpg,kpn_txt/kpn_45.txt,kpn,klebsiella_pneumoniae,negative,MAC,colony_photo,not_applicable,60,nature_colony,nature_colony_kpn,
kpn/kpn_46.jpg,kpn_txt/kpn_46.txt,kpn,klebsiella_pneumoniae,negative,MAC,colony_photo,not_applicable,61,nature_colony,nature_colony_kpn,
kpn/kpn_47.jpg,kpn_txt/kpn_47.txt,kpn,klebsiella_pneumoniae,negative,MAC,colony_photo,not_applicable,84,nature_colony,nature_colony_kpn,
kpn/kpn_48.jpg,kpn_txt/kpn_48.txt,kpn,klebsiella_pneumoniae,negative,MAC,colony_photo,not_applicable,111,nature_colony,nature_colony_kpn,
kpn/kpn_49.jpg,kpn_txt/kpn_49.txt,kpn,klebsiella_pneumoniae,negative,MAC,colony_photo,not_applicable,78,nature_colony,nature_colony_kpn,
kpn/kpn_50.jpg,kpn_txt/kpn_50.txt,kpn,klebsiella_pneumoniae,negative,MAC,colony_photo,not_applicable,136,nature_colony,nature_colony_kpn,
mmo/mmo_01.jpg,mmo_txt/mmo_01.txt,mmo,morganella_morganii,negative,MAC,colony_photo,not_applicable,222,nature_colony,nature_colony_mmo,
mmo/mmo_02.jpg,mmo_txt/mmo_02.txt,mmo,morganella_morganii,negative,MAC,colony_photo,not_applicable,433,nature_colony,nature_colony_mmo,
mmo/mmo_03.jpg,mmo_txt/mmo_03.txt,mmo,morganella_morganii,negative,MAC,colony_photo,not_applicable,108,nature_colony,nature_colony_mmo,
mmo/mmo_04.jpg,mmo_txt/mmo_04.txt,mmo,morganella_morganii,negative,MAC,colony_photo,not_applicable,234,nature_colony,nature_colony_mmo,
mmo/mmo_05.jpg,mmo_txt/mmo_05.txt,mmo,morganella_morganii,negative,MAC,colony_photo,not_applicable,84,nature_colony,nature_colony_mmo,
mmo/mmo_06.jpg,mmo_txt/mmo_06.txt,mmo,morganella_morganii,negative,MAC,colony_photo,not_applicable,314,nature_colony,nature_colony_mmo,
mmo/mmo_07.jpg,mmo_txt/mmo_07.txt,mmo,morganella_morganii,negative,MAC,colony_photo,not_applicable,178,nature_colony,nature_colony_mmo,
mmo/mmo_08.jpg,mmo_txt/mmo_08.txt,mmo,morganella_morganii,negative,MAC,colony_photo,not_applicable,235,nature_colony,nature_colony_mmo,
mmo/mmo_09.jpg,mmo_txt/mmo_09.txt,mmo,morganella_morganii,negative,MAC,colony_photo,not_applicable,183,nature_colony,nature_colony_mmo,
mmo/mmo_10.jpg,mmo_txt/mmo_10.txt,mmo,morganella_morganii,negative,MAC,colony_photo,not_applicable,88,nature_colony,nature_colony_mmo,
mmo/mmo_11.jpg,mmo_txt/mmo_11.txt,mmo,morganella_morganii,negative,MAC,colony_photo,not_applicable,152,nature_colony,nature_colony_mmo,
mmo/mmo_12.jpg,mmo_txt/mmo_12.txt,mmo,morganella_morganii,negative,MAC,colony_photo,not_applicable,126,nature_colony,nature_colony_mmo,
mmo/mmo_13.jpg,mmo_txt/mmo_13.txt,mmo,morganella_morganii,negative,MAC,colony_photo,not_applicable,155,nature_colony,nature_colony_mmo,
mmo/mmo_14.jpg,mmo_txt/mmo_14.txt,mmo,morganella_morganii,negative,MAC,colony_photo,not_applicable,133,nature_colony,nature_colony_mmo,
mmo/mmo_15.jpg,mmo_txt/mmo_15.txt,mmo,morganella_morganii,negative,MAC,colony_photo,not_applicable,121,nature_colony,nature_colony_mmo,
mmo/mmo_16.jpg,mmo_txt/mmo_16.txt,mmo,morganella_morganii,negative,MAC,colony_photo,not_applicable,79,nature_colony,nature_colony_mmo,
mmo/mmo_17.jpg,mmo_txt/mmo_17.txt,mmo,morganella_morganii,negative,MAC,colony_photo,not_applicable,37,nature_colony,nature_colony_mmo,
mmo/mmo_18.jpg,mmo_txt/mmo_18.txt,mmo,morganella_morganii,negative,MAC,colony_photo,not_applicable,37,nature_colony,nature_colony_mmo,
mmo/mmo_19.jpg,mmo_txt/mmo_19.txt,mmo,morganella_morganii,negative,MAC,colony_photo,not_applicable,140,nature_colony,nature_colony_mmo,
mmo/mmo_20.jpg,mmo_txt/mmo_20.txt,mmo,morganella_morganii,negative,MAC,colony_photo,not_applicable,36,nature_colony,nature_colony_mmo,
mmo/mmo_21.jpg,mmo_txt/mmo_21.txt,mmo,morganella_morganii,negative,MAC,colony_photo,not_applicable,172,nature_colony,nature_colony_mmo,
mmo/mmo_22.jpg,mmo_txt/mmo_22.txt,mmo,morganella_morganii,negative,MAC,colony_photo,not_applicable,80,nature_colony,nature_colony_mmo,
mmo/mmo_23.jpg,mmo_txt/mmo_23.txt,mmo,morganella_morganii,negative,MAC,colony_photo,not_applicable,149,nature_colony,nature_colony_mmo,
mmo/mmo_24.jpg,mmo_txt/mmo_24.txt,mmo,morganella_morganii,negative,MAC,colony_photo,not_applicable,157,nature_colony,nature_colony_mmo,
mmo/mmo_25.jpg,mmo_txt/mmo_25.txt,mmo,morganella_morganii,negative,MAC,colony_photo,not_applicable,156,nature_colony,nature_colony_mmo,
mmo/mmo_26.jpg,mmo_txt/mmo_26.txt,mmo,morganella_morganii,negative,MAC,colony_photo,not_applicable,75,nature_colony,nature_colony_mmo,
mmo/mmo_27.jpg,mmo_txt/mmo_27.txt,mmo,morganella_morganii,negative,MAC,colony_photo,not_applicable,74,nature_colony,nature_colony_mmo,
mmo/mmo_28.jpg,mmo_txt/mmo_28.txt,mmo,morganella_morganii,negative,MAC,colony_photo,not_applicable,90,nature_colony,nature_colony_mmo,
mmo/mmo_29.jpg,mmo_txt/mmo_29.txt,mmo,morganella_morganii,negative,MAC,colony_photo,not_applicable,73,nature_colony,nature_colony_mmo,
mmo/mmo_30.jpg,mmo_txt/mmo_30.txt,mmo,morganella_morganii,negative,MAC,colony_photo,not_applicable,60,nature_colony,nature_colony_mmo,
mmo/mmo_31.jpg,mmo_txt/mmo_31.txt,mmo,morganella_morganii,negative,MAC,colony_photo,not_applicable,69,nature_colony,nature_colony_mmo,
mmo/mmo_32.jpg,mmo_txt/mmo_32.txt,mmo,morganella_morganii,negative,MAC,colony_photo,not_applicable,69,nature_colony,nature_colony_mmo,
mmo/mmo_33.jpg,mmo_txt/mmo_33.txt,mmo,morganella_morganii,negative,MAC,colony_photo,not_applicable,50,nature_colony,nature_colony_mmo,
mmo/mmo_34.jpg,mmo_txt/mmo_34.txt,mmo,morganella_morganii,negative,MAC,colony_photo,not_applicable,34,nature_colony,nature_colony_mmo,
mmo/mmo_35.jpg,mmo_txt/mmo_35.txt,mmo,morganella_morganii,negative,MAC,colony_photo,not_applicable,53,nature_colony,nature_colony_mmo,
mmo/mmo_36.jpg,mmo_txt/mmo_36.txt,mmo,morganella_morganii,negative,MAC,colony_photo,not_applicable,50,nature_colony,nature_colony_mmo,
mmo/mmo_37.jpg,mmo_txt/mmo_37.txt,mmo,morganella_morganii,negative,MAC,colony_photo,not_applicable,23,nature_colony,nature_colony_mmo,
mmo/mmo_38.jpg,mmo_txt/mmo_38.txt,mmo,morganella_morganii,negative,MAC,colony_photo,not_applicable,165,nature_colony,nature_colony_mmo,
mmo/mmo_39.jpg,mmo_txt/mmo_39.txt,mmo,morganella_morganii,negative,MAC,colony_photo,not_applicable,151,nature_colony,nature_colony_mmo,
mmo/mmo_40.jpg,mmo_txt/mmo_40.txt,mmo,morganella_morganii,negative,MAC,colony_photo,not_applicable,127,nature_colony,nature_colony_mmo,
mmo/mmo_41.jpg,mmo_txt/mmo_41.txt,mmo,morganella_morganii,negative,MAC,colony_photo,not_applicable,150,nature_colony,nature_colony_mmo,
mmo/mmo_42.jpg,mmo_txt/mmo_42.txt,mmo,morganella_morganii,negative,MAC,colony_photo,not_applicable,124,nature_colony,nature_colony_mmo,
mmo/mmo_43.jpg,mmo_txt/mmo_43.txt,mmo,morganella_morganii,negative,MAC,colony_photo,not_applicable,164,nature_colony,nature_colony_mmo,
mmo/mmo_44.jpg,mmo_txt/mmo_44.txt,mmo,morganella_morganii,negative,MAC,colony_photo,not_applicable,118,nature_colony,nature_colony_mmo,
mmo/mmo_45.jpg,mmo_txt/mmo_45.txt,mmo,morganella_morganii,negative,MAC,colony_photo,not_applicable,155,nature_colony,nature_colony_mmo,
mmo/mmo_46.jpg,mmo_txt/mmo_46.txt,mmo,morganella_morganii,negative,MAC,colony_photo,not_applicable,146,nature_colony,nature_colony_mmo,
mmo/mmo_47.jpg,mmo_txt/mmo_47.txt,mmo,morganella_morganii,negative,MAC,colony_photo,not_applicable,128,nature_colony,nature_colony_mmo,
mmo/mmo_48.jpg,mmo_txt/mmo_48.txt,mmo,morganella_morganii,negative,MAC,colony_photo,not_applicable,159,nature_colony,nature_colony_mmo,
mmo/mmo_49.jpg,mmo_txt/mmo_49.txt,mmo,morganella_morganii,negative,MAC,colony_photo,not_applicable,137,nature_colony,nature_colony_mmo,
mmo/mmo_50.jpg,mmo_txt/mmo_50.txt,mmo,morganella_morganii,negative,MAC,colony_photo,not_applicable,156,nature_colony,nature_colony_mmo,
ppu/ppu_01.jpg,ppu_txt/ppu_01.txt,ppu,pseudomonas_putida,positive,BAP,colony_photo,not_applicable,44,nature_colony,nature_colony_ppu,
ppu/ppu_02.jpg,ppu_txt/ppu_02.txt,ppu,pseudomonas_putida,positive,BAP,colony_photo,not_applicable,45,nature_colony,nature_colony_ppu,
ppu/ppu_03.jpg,ppu_txt/ppu_03.txt,ppu,pseudomonas_putida,positive,BAP,colony_photo,not_applicable,40,nature_colony,nature_colony_ppu,
ppu/ppu_04.jpg,ppu_txt/ppu_04.txt,ppu,pseudomonas_putida,positive,BAP,colony_photo,not_applicable,51,nature_colony,nature_colony_ppu,
ppu/ppu_05.jpg,ppu_txt/ppu_05.txt,ppu,pseudomonas_putida,positive,BAP,colony_photo,not_applicable,47,nature_colony,nature_colony_ppu,
ppu/ppu_06.jpg,ppu_txt/ppu_06.txt,ppu,pseudomonas_putida,positive,BAP,colony_photo,not_applicable,36,nature_colony,nature_colony_ppu,
ppu/ppu_07.jpg,ppu_txt/ppu_07.txt,ppu,pseudomonas_putida,positive,BAP,colony_photo,not_applicable,23,nature_colony,nature_colony_ppu,
ppu/ppu_08.jpg,ppu_txt/ppu_08.txt,ppu,pseudomonas_putida,positive,BAP,colony_photo,not_applicable,41,nature_colony,nature_colony_ppu,
ppu/ppu_09.jpg,ppu_txt/ppu_09.txt,ppu,pseudomonas_putida,positive,BAP,colony_photo,not_applicable,18,nature_colony,nature_colony_ppu,
ppu/ppu_10.jpg,ppu_txt/ppu_10.txt,ppu,pseudomonas_putida,positive,BAP,colony_photo,not_applicable,41,nature_colony,nature_colony_ppu,
ppu/ppu_11.jpg,ppu_txt/ppu_11.txt,ppu,pseudomonas_putida,positive,BAP,colony_photo,not_applicable,40,nature_colony,nature_colony_ppu,
ppu/ppu_12.jpg,ppu_txt/ppu_12.txt,ppu,pseudomonas_putida,positive,BAP,colony_photo,not_applicable,40,nature_colony,nature_colony_ppu,
ppu/ppu_13.jpg,ppu_txt/ppu_13.txt,ppu,pseudomonas_putida,positive,BAP,colony_photo,not_applicable,25,nature_colony,nature_colony_ppu,
ppu/ppu_14.jpg,ppu_txt/ppu_14.txt,ppu,pseudomonas_putida,positive,BAP,colony_photo,not_applicable,41,nature_colony,nature_colony_ppu,
ppu/ppu_15.jpg,ppu_txt/ppu_15.txt,ppu,pseudomonas_putida,positive,BAP,colony_photo,not_applicable,52,nature_colony,nature_colony_ppu,
ppu/ppu_16.jpg,ppu_txt/ppu_16.txt,ppu,pseudomonas_putida,positive,BAP,colony_photo,not_applicable,33,nature_colony,nature_colony_ppu,
ppu/ppu_17.jpg,ppu_txt/ppu_17.txt,ppu,pseudomonas_putida,positive,BAP,colony_photo,not_applicable,31,nature_colony,nature_colony_ppu,
ppu/ppu_18.jpg,ppu_txt/ppu_18.txt,ppu,pseudomonas_putida,positive,BAP,colony_photo,not_applicable,36,nature_colony,nature_colony_ppu,
ppu/ppu_19.jpg,ppu_txt/ppu_19.txt,ppu,pseudomonas_putida,positive,BAP,colony_photo,not_applicable,51,nature_colony,nature_colony_ppu,
ppu/ppu_20.jpg,ppu_txt/ppu_20.txt,ppu,pseudomonas_putida,positive,BAP,colony_photo,not_applicable,48,nature_colony,nature_colony_ppu,
ppu/ppu_21.jpg,ppu_txt/ppu_21.txt,ppu,pseudomonas_putida,positive,BAP,colony_photo,not_applicable,50,nature_colony,nature_colony_ppu,
ppu/ppu_22.jpg,ppu_txt/ppu_22.txt,ppu,pseudomonas_putida,positive,BAP,colony_photo,not_applicable,41,nature_colony,nature_colony_ppu,
ppu/ppu_23.jpg,ppu_txt/ppu_23.txt,ppu,pseudomonas_putida,positive,BAP,colony_photo,not_applicable,2,nature_colony,nature_colony_ppu,
ppu/ppu_24.jpg,ppu_txt/ppu_24.txt,ppu,pseudomonas_putida,positive,BAP,colony_photo,not_applicable,1,nature_colony,nature_colony_ppu,
ppu/ppu_25.jpg,ppu_txt/ppu_25.txt,ppu,pseudomonas_putida,positive,BAP,colony_photo,not_applicable,7,nature_colony,nature_colony_ppu,
ppu/ppu_26.jpg,ppu_txt/ppu_26.txt,ppu,pseudomonas_putida,positive,BAP,colony_photo,not_applicable,155,nature_colony,nature_colony_ppu,
ppu/ppu_27.jpg,ppu_txt/ppu_27.txt,ppu,pseudomonas_putida,positive,BAP,colony_photo,not_applicable,170,nature_colony,nature_colony_ppu,
ppu/ppu_28.jpg,ppu_txt/ppu_28.txt,ppu,pseudomonas_putida,positive,BAP,colony_photo,not_applicable,145,nature_colony,nature_colony_ppu,
ppu/ppu_29.jpg,ppu_txt/ppu_29.txt,ppu,pseudomonas_putida,positive,BAP,colony_photo,not_applicable,175,nature_colony,nature_colony_ppu,
ppu/ppu_30.jpg,ppu_txt/ppu_30.txt,ppu,pseudomonas_putida,positive,BAP,colony_photo,not_applicable,113,nature_colony,nature_colony_ppu,
ppu/ppu_31.jpg,ppu_txt/ppu_31.txt,ppu,pseudomonas_putida,positive,BAP,colony_photo,not_applicable,146,nature_colony,nature_colony_ppu,
ppu/ppu_32.jpg,ppu_txt/ppu_32.txt,ppu,pseudomonas_putida,positive,BAP,colony_photo,not_applicable,125,nature_colony,nature_colony_ppu,
ppu/ppu_33.jpg,ppu_txt/ppu_33.txt,ppu,pseudomonas_putida,positive,BAP,colony_photo,not_applicable,134,nature_colony,nature_colony_ppu,
ppu/ppu_34.jpg,ppu_txt/ppu_34.txt,ppu,pseudomonas_putida,positive,BAP,colony_photo,not_applicable,133,nature_colony,nature_colony_ppu,
ppu/ppu_35.jpg,ppu_txt/ppu_35.txt,ppu,pseudomonas_putida,positive,BAP,colony_photo,not_applicable,139,nature_colony,nature_colony_ppu,
ppu/ppu_36.jpg,ppu_txt/ppu_36.txt,ppu,pseudomonas_putida,positive,BAP,colony_photo,not_applicable,242,nature_colony,nature_colony_ppu,
ppu/ppu_37.jpg,ppu_txt/ppu_37.txt,ppu,pseudomonas_putida,positive,BAP,colony_photo,not_applicable,193,nature_colony,nature_colony_ppu,
ppu/ppu_38.jpg,ppu_txt/ppu_38.txt,ppu,pseudomonas_putida,positive,BAP,colony_photo,not_applicable,150,nature_colony,nature_colony_ppu,
ppu/ppu_39.jpg,ppu_txt/ppu_39.txt,ppu,pseudomonas_putida,positive,BAP,colony_photo,not_applicable,261,nature_colony,nature_colony_ppu,
ppu/ppu_40.jpg,ppu_txt/ppu_40.txt,ppu,pseudomonas_putida,positive,BAP,colony_photo,not_applicable,195,nature_colony,nature_colony_ppu,
ppu/ppu_41.jpg,ppu_txt/ppu_41.txt,ppu,pseudomonas_putida,positive,BAP,colony_photo,not_applicable,205,nature_colony,nature_colony_ppu,
ppu/ppu_42.jpg,ppu_txt/ppu_42.txt,ppu,pseudomonas_putida,positive,BAP,colony_photo,not_applicable,13,nature_colony,nature_colony_ppu,
ppu/ppu_43.jpg,ppu_txt/ppu_43.txt,ppu,pseudomonas_putida,positive,BAP,colony_photo,not_applicable,11,nature_colony,nature_colony_ppu,
ppu/ppu_44.jpg,ppu_txt/ppu_44.txt,ppu,pseudomonas_putida,positive,BAP,colony_photo,not_applicable,20,nature_colony,nature_colony_ppu,
ppu/ppu_45.jpg,ppu_txt/ppu_45.txt,ppu,pseudomonas_putida,positive,BAP,colony_photo,not_applicable,25,nature_colony,nature_colony_ppu,
ppu/ppu_46.jpg,ppu_txt/ppu_46.txt,ppu,pseudomonas_putida,positive,BAP,colony_photo,not_applicable,13,nature_colony,nature_colony_ppu,
ppu/ppu_47.jpg,ppu_txt/ppu_47.txt,ppu,pseudomonas_putida,positive,BAP,colony_photo,not_applicable,17,nature_colony,nature_colony_ppu,
ppu/ppu_48.jpg,ppu_txt/ppu_48.txt,ppu,pseudomonas_putida,positive,BAP,colony_photo,not_applicable,27,nature_colony,nature_colony_ppu,
ppu/ppu_49.jpg,ppu_txt/ppu_49.txt,ppu,pseudomonas_putida,positive,BAP,colony_photo,not_applicable,21,nature_colony,nature_colony_ppu,
ppu/ppu_50.jpg,ppu_txt/ppu_50.txt,ppu,pseudomonas_putida,positive,BAP,colony_photo,not_applicable,20,nature_colony,nature_colony_ppu,
sag/sag_01.jpg,sag_txt/sag_01.txt,sag,streptococcus_agalactiae,positive,BAP,colony_photo,not_applicable,103,nature_colony,nature_colony_sag,
sag/sag_02.jpg,sag_txt/sag_02.txt,sag,streptococcus_agalactiae,positive,BAP,colony_photo,not_applicable,119,nature_colony,nature_colony_sag,
sag/sag_03.jpg,sag_txt/sag_03.txt,sag,streptococcus_agalactiae,positive,BAP,colony_photo,not_applicable,129,nature_colony,nature_colony_sag,
sag/sag_04.jpg,sag_txt/sag_04.txt,sag,streptococcus_agalactiae,positive,BAP,colony_photo,not_applicable,75,nature_colony,nature_colony_sag,
sag/sag_05.jpg,sag_txt/sag_05.txt,sag,streptococcus_agalactiae,positive,BAP,colony_photo,not_applicable,104,nature_colony,nature_colony_sag,
sag/sag_06.jpg,sag_txt/sag_06.txt,sag,streptococcus_agalactiae,positive,BAP,colony_photo,not_applicable,126,nature_colony,nature_colony_sag,
sag/sag_07.jpg,sag_txt/sag_07.txt,sag,streptococcus_agalactiae,positive,BAP,colony_photo,not_applicable,105,nature_colony,nature_colony_sag,
sag/sag_08.jpg,sag_txt/sag_08.txt,sag,streptococcus_agalactiae,positive,BAP,colony_photo,not_applicable,122,nature_colony,nature_colony_sag,
sag/sag_09.jpg,sag_txt/sag_09.txt,sag,streptococcus_agalactiae,positive,BAP,colony_photo,not_applicable,72,nature_colony,nature_colony_sag,
sag/sag_10.jpg,sag_txt/sag_10.txt,sag,streptococcus_agalactiae,positive,BAP,colony_photo,not_applicable,125,nature_colony,nature_colony_sag,
sag/sag_11.jpg,sag_txt/sag_11.txt,sag,streptococcus_agalactiae,positive,BAP,colony_photo,not_applicable,139,nature_colony,nature_colony_sag,
sag/sag_12.jpg,sag_txt/sag_12.txt,sag,streptococcus_agalactiae,positive,BAP,colony_photo,not_applicable,119,nature_colony,nature_colony_sag,
sag/sag_13.jpg,sag_txt/sag_13.txt,sag,streptococcus_agalactiae,positive,BAP,colony_photo,not_applicable,82,nature_colony,nature_colony_sag,
sag/sag_14.jpg,sag_txt/sag_14.txt,sag,streptococcus_agalactiae,positive,BAP,colony_photo,not_applicable,143,nature_colony,nature_colony_sag,
sag/sag_15.jpg,sag_txt/sag_15.txt,sag,streptococcus_agalactiae,positive,BAP,colony_photo,not_applicable,95,nature_colony,nature_colony_sag,
sag/sag_16.jpg,sag_txt/sag_16.txt,sag,streptococcus_agalactiae,positive,BAP,colony_photo,not_applicable,227,nature_colony,nature_colony_sag,
sag/sag_17.jpg,sag_txt/sag_17.txt,sag,streptococcus_agalactiae,positive,BAP,colony_photo,not_applicable,212,nature_colony,nature_colony_sag,
sag/sag_18.jpg,sag_txt/sag_18.txt,sag,streptococcus_agalactiae,positive,BAP,colony_photo,not_applicable,175,nature_colony,nature_colony_sag,
sag/sag_19.jpg,sag_txt/sag_19.txt,sag,streptococcus_agalactiae,positive,BAP,colony_photo,not_applicable,361,nature_colony,nature_colony_sag,
sag/sag_20.jpg,sag_txt/sag_20.txt,sag,streptococcus_agalactiae,positive,BAP,colony_photo,not_applicable,322,nature_colony,nature_colony_sag,
sag/sag_21.jpg,sag_txt/sag_21.txt,sag,streptococcus_agalactiae,positive,BAP,colony_photo,not_applicable,154,nature_colony,nature_colony_sag,
sag/sag_22.jpg,sag_txt/sag_22.txt,sag,streptococcus_agalactiae,positive,BAP,colony_photo,not_applicable,227,nature_colony,nature_colony_sag,
sag/sag_23.jpg,sag_txt/sag_23.txt,sag,streptococcus_agalactiae,positive,BAP,colony_photo,not_applicable,173,nature_colony,nature_colony_sag,
sag/sag_24.jpg,sag_txt/sag_24.txt,sag,streptococcus_agalactiae,positive,BAP,colony_photo,not_applicable,260,nature_colony,nature_colony_sag,
sag/sag_25.jpg,sag_txt/sag_25.txt,sag,streptococcus_agalactiae,positive,BAP,colony_photo,not_applicable,174,nature_colony,nature_colony_sag,
sag/sag_26.jpg,sag_txt/sag_26.txt,sag,streptococcus_agalactiae,positive,BAP,colony_photo,not_applicable,209,nature_colony,nature_colony_sag,
sag/sag_27.jpg,sag_txt/sag_27.txt,sag,streptococcus_agalactiae,positive,BAP,colony_photo,not_applicable,179,nature_colony,nature_colony_sag,
sag/sag_28.jpg,sag_txt/sag_28.txt,sag,streptococcus_agalactiae,positive,BAP,colony_photo,not_applicable,219,nature_colony,nature_colony_sag,
sag/sag_29.jpg,sag_txt/sag_29.txt,sag,streptococcus_agalactiae,positive,BAP,colony_photo,not_applicable,192,nature_colony,nature_colony_sag,
sag/sag_30.jpg,sag_txt/sag_30.txt,sag,streptococcus_agalactiae,positive,BAP,colony_photo,not_applicable,212,nature_colony,nature_colony_sag,
sag/sag_31.jpg,sag_txt/sag_31.txt,sag,streptococcus_agalactiae,positive,BAP,colony_photo,not_applicable,170,nature_colony,nature_colony_sag,
sag/sag_32.jpg,sag_txt/sag_32.txt,sag,streptococcus_agalactiae,positive,BAP,colony_photo,not_applicable,166,nature_colony,nature_colony_sag,
sag/sag_33.jpg,sag_txt/sag_33.txt,sag,streptococcus_agalactiae,positive,BAP,colony_photo,not_applicable,211,nature_colony,nature_colony_sag,
sag/sag_34.jpg,sag_txt/sag_34.txt,sag,streptococcus_agalactiae,positive,BAP,colony_photo,not_applicable,219,nature_colony,nature_colony_sag,
sag/sag_35.jpg,sag_txt/sag_35.txt,sag,streptococcus_agalactiae,positive,BAP,colony_photo,not_applicable,201,nature_colony,nature_colony_sag,
sag/sag_36.jpg,sag_txt/sag_36.txt,sag,streptococcus_agalactiae,positive,BAP,colony_photo,not_applicable,181,nature_colony,nature_colony_sag,
sag/sag_37.jpg,sag_txt/sag_37.txt,sag,streptococcus_agalactiae,positive,BAP,colony_photo,not_applicable,226,nature_colony,nature_colony_sag,
sag/sag_38.jpg,sag_txt/sag_38.txt,sag,streptococcus_agalactiae,positive,BAP,colony_photo,not_applicable,198,nature_colony,nature_colony_sag,
sag/sag_39.jpg,sag_txt/sag_39.txt,sag,streptococcus_agalactiae,positive,BAP,colony_photo,not_applicable,151,nature_colony,nature_colony_sag,
sag/sag_40.jpg,sag_txt/sag_40.txt,sag,streptococcus_agalactiae,positive,BAP,colony_photo,not_applicable,195,nature_colony,nature_colony_sag,
sag/sag_41.jpg,sag_txt/sag_41.txt,sag,streptococcus_agalactiae,positive,BAP,colony_photo,not_applicable,196,nature_colony,nature_colony_sag,
sag/sag_42.jpg,sag_txt/sag_42.txt,sag,streptococcus_agalactiae,positive,BAP,colony_photo,not_applicable,212,nature_colony,nature_colony_sag,
sag/sag_43.jpg,sag_txt/sag_43.txt,sag,streptococcus_agalactiae,positive,BAP,colony_photo,not_applicable,173,nature_colony,nature_colony_sag,
sag/sag_44.jpg,sag_txt/sag_44.txt,sag,streptococcus_agalactiae,positive,BAP,colony_photo,not_applicable,72,nature_colony,nature_colony_sag,
sag/sag_45.jpg,sag_txt/sag_45.txt,sag,streptococcus_agalactiae,positive,BAP,colony_photo,not_applicable,35,nature_colony,nature_colony_sag,
sag/sag_46.jpg,sag_txt/sag_46.txt,sag,streptococcus_agalactiae,positive,BAP,colony_photo,not_applicable,36,nature_colony,nature_colony_sag,
sag/sag_47.jpg,sag_txt/sag_47.txt,sag,streptococcus_agalactiae,positive,BAP,colony_photo,not_applicable,46,nature_colony,nature_colony_sag,
sag/sag_48.jpg,sag_txt/sag_48.txt,sag,streptococcus_agalactiae,positive,BAP,colony_photo,not_applicable,169,nature_colony,nature_colony_sag,
sag/sag_49.jpg,sag_txt/sag_49.txt,sag,streptococcus_agalactiae,positive,BAP,colony_photo,not_applicable,159,nature_colony,nature_colony_sag,
sag/sag_50.jpg,sag_txt/sag_50.txt,sag,streptococcus_agalactiae,positive,BAP,colony_photo,not_applicable,150,nature_colony,nature_colony_sag,
sau/sau_01.jpg,sau_txt/sau_01.txt,sau,staphylococcus_aureus,positive,BAP,colony_photo,not_applicable,27,nature_colony,nature_colony_sau,
sau/sau_02.jpg,sau_txt/sau_02.txt,sau,staphylococcus_aureus,positive,BAP,colony_photo,not_applicable,27,nature_colony,nature_colony_sau,
sau/sau_03.jpg,sau_txt/sau_03.txt,sau,staphylococcus_aureus,positive,BAP,colony_photo,not_applicable,20,nature_colony,nature_colony_sau,
sau/sau_04.jpg,sau_txt/sau_04.txt,sau,staphylococcus_aureus,positive,BAP,colony_photo,not_applicable,28,nature_colony,nature_colony_sau,
sau/sau_05.jpg,sau_txt/sau_05.txt,sau,staphylococcus_aureus,positive,BAP,colony_photo,not_applicable,20,nature_colony,nature_colony_sau,
sau/sau_06.jpg,sau_txt/sau_06.txt,sau,staphylococcus_aureus,positive,BAP,colony_photo,not_applicable,28,nature_colony,nature_colony_sau,
sau/sau_07.jpg,sau_txt/sau_07.txt,sau,staphylococcus_aureus,positive,BAP,colony_photo,not_applicable,17,nature_colony,nature_colony_sau,
sau/sau_08.jpg,sau_txt/sau_08.txt,sau,staphylococcus_aureus,positive,BAP,colony_photo,not_applicable,28,nature_colony,nature_colony_sau,
sau/sau_09.jpg,sau_txt/sau_09.txt,sau,staphylococcus_aureus,positive,BAP,colony_photo,not_applicable,16,nature_colony,nature_colony_sau,
sau/sau_10.jpg,sau_txt/sau_10.txt,sau,staphylococcus_aureus,positive,BAP,colony_photo,not_applicable,17,nature_colony,nature_colony_sau,
sau/sau_11.jpg,sau_txt/sau_11.txt,sau,staphylococcus_aureus,positive,BAP,colony_photo,not_applicable,18,nature_colony,nature_colony_sau,
sau/sau_12.jpg,sau_txt/sau_12.txt,sau,staphylococcus_aureus,positive,BAP,colony_photo,not_applicable,20,nature_colony,nature_colony_sau,
sau/sau_13.jpg,sau_txt/sau_13.txt,sau,staphylococcus_aureus,positive,BAP,colony_photo,not_applicable,50,nature_colony,nature_colony_sau,
sau/sau_14.jpg,sau_txt/sau_14.txt,sau,staphylococcus_aureus,positive,BAP,colony_photo,not_applicable,67,nature_colony,nature_colony_sau,
sau/sau_15.jpg,sau_txt/sau_15.txt,sau,staphylococcus_aureus,positive,BAP,colony_photo,not_applicable,76,nature_colony,nature_colony_sau,
sau/sau_16.jpg,sau_txt/sau_16.txt,sau,staphylococcus_aureus,positive,BAP,colony_photo,not_applicable,36,nature_colony,nature_colony_sau,
sau/sau_17.jpg,sau_txt/sau_17.txt,sau,staphylococcus_aureus,positive,BAP,colony_photo,not_applicable,33,nature_colony,nature_colony_sau,
sau/sau_18.jpg,sau_txt/sau_18.txt,sau,staphylococcus_aureus,positive,BAP,colony_photo,not_applicable,41,nature_colony,nature_colony_sau,
sau/sau_19.jpg,sau_txt/sau_19.txt,sau,staphylococcus_aureus,positive,BAP,colony_photo,not_applicable,42,nature_colony,nature_colony_sau,
sau/sau_20.jpg,sau_txt/sau_20.txt,sau,staphylococcus_aureus,positive,BAP,colony_photo,not_applicable,118,nature_colony,nature_colony_sau,
sau/sau_21.jpg,sau_txt/sau_21.txt,sau,staphylococcus_aureus,positive,BAP,colony_photo,not_applicable,53,nature_colony,nature_colony_sau,
sau/sau_22.jpg,sau_txt/sau_22.txt,sau,staphylococcus_aureus,positive,BAP,colony_photo,not_applicable,63,nature_colony,nature_colony_sau,
sau/sau_23.jpg,sau_txt/sau_23.txt,sau,staphylococcus_aureus,positive,BAP,colony_photo,not_applicable,66,nature_colony,nature_colony_sau,
sau/sau_24.jpg,sau_txt/sau_24.txt,sau,staphylococcus_aureus,positive,BAP,colony_photo,not_applicable,113,nature_colony,nature_colony_sau,
sau/sau_25.jpg,sau_txt/sau_25.txt,sau,staphylococcus_aureus,positive,BAP,colony_photo,not_applicable,44,nature_colony,nature_colony_sau,
sau/sau_26.jpg,sau_txt/sau_26.txt,sau,staphylococcus_aureus,positive,BAP,colony_photo,not_applicable,54,nature_colony,nature_colony_sau,
sau/sau_27.jpg,sau_txt/sau_27.txt,sau,staphylococcus_aureus,positive,BAP,colony_photo,not_applicable,42,nature_colony,nature_colony_sau,
sau/sau_28.jpg,sau_txt/sau_28.txt,sau,staphylococcus_aureus,positive,BAP,colony_photo,not_applicable,44,nature_colony,nature_colony_sau,
sau/sau_29.jpg,sau_txt/sau_29.txt,sau,staphylococcus_aureus,positive,BAP,colony_photo,not_applicable,49,nature_colony,nature_colony_sau,
sau/sau_30.jpg,sau_txt/sau_30.txt,sau,staphylococcus_aureus,positive,BAP,colony_photo,not_applicable,64,nature_colony,nature_colony_sau,
sau/sau_31.jpg,sau_txt/sau_31.txt,sau,staphylococcus_aureus,positive,BAP,colony_photo,not_applicable,85,nature_colony,nature_colony_sau,
sau/sau_32.jpg,sau_txt/sau_32.txt,sau,staphylococcus_aureus,positive,BAP,colony_photo,not_applicable,105,nature_colony,nature_colony_sau,
sau/sau_33.jpg,sau_txt/sau_33.txt,sau,staphylococcus_aureus,positive,BAP,colony_photo,not_applicable,89,nature_colony,nature_colony_sau,
sau/sau_34.jpg,sau_txt/sau_34.txt,sau,staphylococcus_aureus,positive,BAP,colony_photo,not_applicable,112,nature_colony,nature_colony_sau,
sau/sau_35.jpg,sau_txt/sau_35.txt,sau,staphylococcus_aureus,positive,BAP,colony_photo,not_applicable,85,nature_colony,nature_colony_sau,
sau/sau_36.jpg,sau_txt/sau_36.txt,sau,staphylococcus_aureus,positive,BAP,colony_photo,not_applicable,73,nature_colony,nature_colony_sau,
sau/sau_37.jpg,sau_txt/sau_37.txt,sau,staphylococcus_aureus,positive,BAP,colony_photo,not_applicable,75,nature_colony,nature_colony_sau,
sau/sau_38.jpg,sau_txt/sau_38.txt,sau,staphylococcus_aureus,positive,BAP,colony_photo,not_applicable,75,nature_colony,nature_colony_sau,
sau/sau_39.jpg,sau_txt/sau_39.txt,sau,staphylococcus_aureus,positive,BAP,colony_photo,not_applicable,95,nature_colony,nature_colony_sau,
sau/sau_40.jpg,sau_txt/sau_40.txt,sau,staphylococcus_aureus,positive,BAP,colony_photo,not_applicable,79,nature_colony,nature_colony_sau,
sau/sau_41.jpg,sau_txt/sau_41.txt,sau,staphylococcus_aureus,positive,BAP,colony_photo,not_applicable,69,nature_colony,nature_colony_sau,
sau/sau_42.jpg,sau_txt/sau_42.txt,sau,staphylococcus_aureus,positive,BAP,colony_photo,not_applicable,79,nature_colony,nature_colony_sau,
sau/sau_43.jpg,sau_txt/sau_43.txt,sau,staphylococcus_aureus,positive,BAP,colony_photo,not_applicable,66,nature_colony,nature_colony_sau,
sau/sau_44.jpg,sau_txt/sau_44.txt,sau,staphylococcus_aureus,positive,BAP,colony_photo,not_applicable,61,nature_colony,nature_colony_sau,
sau/sau_45.jpg,sau_txt/sau_45.txt,sau,staphylococcus_aureus,positive,BAP,colony_photo,not_applicable,47,nature_colony,nature_colony_sau,
sau/sau_46.jpg,sau_txt/sau_46.txt,sau,staphylococcus_aureus,positive,BAP,colony_photo,not_applicable,77,nature_colony,nature_colony_sau,
sau/sau_47.jpg,sau_txt/sau_47.txt,sau,staphylococcus_aureus,positive,BAP,colony_photo,not_applicable,83,nature_colony,nature_colony_sau,
sau/sau_48.jpg,sau_txt/sau_48.txt,sau,staphylococcus_aureus,positive,BAP,colony_photo,not_applicable,94,nature_colony,nature_colony_sau,
sau/sau_49.jpg,sau_txt/sau_49.txt,sau,staphylococcus_aureus,positive,BAP,colony_photo,not_applicable,84,nature_colony,nature_colony_sau,
sau/sau_50.jpg,sau_txt/sau_50.txt,sau,staphylococcus_aureus,positive,BAP,colony_photo,not_applicable,79,nature_colony,nature_colony_sau,
sep/sep_01.jpg,sep_txt/sep_01.txt,sep,staphylococcus_epidermidis,positive,BAP,colony_photo,not_applicable,36,nature_colony,nature_colony_sep,
sep/sep_02.jpg,sep_txt/sep_02.txt,sep,staphylococcus_epidermidis,positive,BAP,colony_photo,not_applicable,37,nature_colony,nature_colony_sep,
sep/sep_03.jpg,sep_txt/sep_03.txt,sep,staphylococcus_epidermidis,positive,BAP,colony_photo,not_applicable,28,nature_colony,nature_colony_sep,
sep/sep_04.jpg,sep_txt/sep_04.txt,sep,staphylococcus_epidermidis,positive,BAP,colony_photo,not_applicable,36,nature_colony,nature_colony_sep,
sep/sep_05.jpg,sep_txt/sep_05.txt,sep,staphylococcus_epidermidis,positive,BAP,colony_photo,not_applicable,31,nature_colony,nature_colony_sep,
sep/sep_06.jpg,sep_txt/sep_06.txt,sep,staphylococcus_epidermidis,positive,BAP,colony_photo,not_applicable,33,nature_colony,nature_colony_sep,
sep/sep_07.jpg,sep_txt/sep_07.txt,sep,staphylococcus_epidermidis,positive,BAP,colony_photo,not_applicable,33,nature_colony,nature_colony_sep,
sep/sep_08.jpg,sep_txt/sep_08.txt,sep,staphylococcus_epidermidis,positive,BAP,colony_photo,not_applicable,21,nature_colony,nature_colony_sep,
sep/sep_09.jpg,sep_txt/sep_09.txt,sep,staphylococcus_epidermidis,positive,BAP,colony_photo,not_applicable,16,nature_colony,nature_colony_sep,
sep/sep_10.jpg,sep_txt/sep_10.txt,sep,staphylococcus_epidermidis,positive,BAP,colony_photo,not_applicable,22,nature_colony,nature_colony_sep,
sep/sep_11.jpg,sep_txt/sep_11.txt,sep,staphylococcus_epidermidis,positive,BAP,colony_photo,not_applicable,22,nature_colony,nature_colony_sep,
sep/sep_12.jpg,sep_txt/sep_12.txt,sep,staphylococcus_epidermidis,positive,BAP,colony_photo,not_applicable,33,nature_colony,nature_colony_sep,
sep/sep_13.jpg,sep_txt/sep_13.txt,sep,staphylococcus_epidermidis,positive,BAP,colony_photo,not_applicable,42,nature_colony,nature_colony_sep,
sep/sep_14.jpg,sep_txt/sep_14.txt,sep,staphylococcus_epidermidis,positive,BAP,colony_photo,not_applicable,52,nature_colony,nature_colony_sep,
sep/sep_15.jpg,sep_txt/sep_15.txt,sep,staphylococcus_epidermidis,positive,BAP,colony_photo,not_applicable,6,nature_colony,nature_colony_sep,
sep/sep_16.jpg,sep_txt/sep_16.txt,sep,staphylococcus_epidermidis,positive,BAP,colony_photo,not_applicable,18,nature_colony,nature_colony_sep,
sep/sep_17.jpg,sep_txt/sep_17.txt,sep,staphylococcus_epidermidis,positive,BAP,colony_photo,not_applicable,15,nature_colony,nature_colony_sep,
sep/sep_18.jpg,sep_txt/sep_18.txt,sep,staphylococcus_epidermidis,positive,BAP,colony_photo,not_applicable,75,nature_colony,nature_colony_sep,
sep/sep_19.jpg,sep_txt/sep_19.txt,sep,staphylococcus_epidermidis,positive,BAP,colony_photo,not_applicable,60,nature_colony,nature_colony_sep,
sep/sep_20.jpg,sep_txt/sep_20.txt,sep,staphylococcus_epidermidis,positive,BAP,colony_photo,not_applicable,16,nature_colony,nature_colony_sep,
sep/sep_21.jpg,sep_txt/sep_21.txt,sep,staphylococcus_epidermidis,positive,BAP,colony_photo,not_applicable,20,nature_colony,nature_colony_sep,
sep/sep_22.jpg,sep_txt/sep_22.txt,sep,staphylococcus_epidermidis,positive,BAP,colony_photo,not_applicable,19,nature_colony,nature_colony_sep,
sep/sep_23.jpg,sep_txt/sep_23.txt,sep,staphylococcus_epidermidis,positive,BAP,colony_photo,not_applicable,12,nature_colony,nature_colony_sep,
sep/sep_24.jpg,sep_txt/sep_24.txt,sep,staphylococcus_epidermidis,positive,BAP,colony_photo,not_applicable,24,nature_colony,nature_colony_sep,
sep/sep_25.jpg,sep_txt/sep_25.txt,sep,staphylococcus_epidermidis,positive,BAP,colony_photo,not_applicable,11,nature_colony,nature_colony_sep,
sep/sep_26.jpg,sep_txt/sep_26.txt,sep,staphylococcus_epidermidis,positive,BAP,colony_photo,not_applicable,17,nature_colony,nature_colony_sep,
sep/sep_27.jpg,sep_txt/sep_27.txt,sep,staphylococcus_epidermidis,positive,BAP,colony_photo,not_applicable,7,nature_colony,nature_colony_sep,
sep/sep_28.jpg,sep_txt/sep_28.txt,sep,staphylococcus_epidermidis,positive,BAP,colony_photo,not_applicable,6,nature_colony,nature_colony_sep,
sep/sep_29.jpg,sep_txt/sep_29.txt,sep,staphylococcus_epidermidis,positive,BAP,colony_photo,not_applicable,15,nature_colony,nature_colony_sep,
sep/sep_30.jpg,sep_txt/sep_30.txt,sep,staphylococcus_epidermidis,positive,BAP,colony_photo,not_applicable,20,nature_colony,nature_colony_sep,
sep/sep_31.jpg,sep_txt/sep_31.txt,sep,staphylococcus_epidermidis,positive,BAP,colony_photo,not_applicable,20,nature_colony,nature_colony_sep,
sep/sep_32.jpg,sep_txt/sep_32.txt,sep,staphylococcus_epidermidis,positive,BAP,colony_photo,not_applicable,18,nature_colony,nature_colony_sep,
sep/sep_33.jpg,sep_txt/sep_33.txt,sep,staphylococcus_epidermidis,positive,BAP,colony_photo,not_applicable,8,nature_colony,nature_colony_sep,
sep/sep_34.jpg,sep_txt/sep_34.txt,sep,staphylococcus_epidermidis,positive,BAP,colony_photo,not_applicable,7,nature_colony,nature_colony_sep,
sep/sep_35.jpg,sep_txt/sep_35.txt,sep,staphylococcus_epidermidis,positive,BAP,colony_photo,not_applicable,122,nature_colony,nature_colony_sep,
sep/sep_36.jpg,sep_txt/sep_36.txt,sep,staphylococcus_epidermidis,positive,BAP,colony_photo,not_applicable,115,nature_colony,nature_colony_sep,
sep/sep_37.jpg,sep_txt/sep_37.txt,sep,staphylococcus_epidermidis,positive,BAP,colony_photo,not_applicable,133,nature_colony,nature_colony_sep,
sep/sep_38.jpg,sep_txt/sep_38.txt,sep,staphylococcus_epidermidis,positive,BAP,colony_photo,not_applicable,88,nature_colony,nature_colony_sep,
sep/sep_39.jpg,sep_txt/sep_39.txt,sep,staphylococcus_epidermidis,positive,BAP,colony_photo,not_applicable,47,nature_colony,nature_colony_sep,
sep/sep_40.jpg,sep_txt/sep_40.txt,sep,staphylococcus_epidermidis,positive,BAP,colony_photo,not_applicable,90,nature_colony,nature_colony_sep,
sep/sep_41.jpg,sep_txt/sep_41.txt,sep,staphylococcus_epidermidis,positive,BAP,colony_photo,not_applicable,73,nature_colony,nature_colony_sep,
sep/sep_42.jpg,sep_txt/sep_42.txt,sep,staphylococcus_epidermidis,positive,BAP,colony_photo,not_applicable,96,nature_colony,nature_colony_sep,
sep/sep_43.jpg,sep_txt/sep_43.txt,sep,staphylococcus_epidermidis,positive,BAP,colony_photo,not_applicable,58,nature_colony,nature_colony_sep,
sep/sep_44.jpg,sep_txt/sep_44.txt,sep,staphylococcus_epidermidis,positive,BAP,colony_photo,not_applicable,37,nature_colony,nature_colony_sep,
sep/sep_45.jpg,sep_txt/sep_45.txt,sep,staphylococcus_epidermidis,positive,BAP,colony_photo,not_applicable,65,nature_colony,nature_colony_sep,
sep/sep_46.jpg,sep_txt/sep_46.txt,sep,staphylococcus_epidermidis,positive,BAP,colony_photo,not_applicable,61,nature_colony,nature_colony_sep,
sep/sep_47.jpg,sep_txt/sep_47.txt,sep,staphylococcus_epidermidis,positive,BAP,colony_photo,not_applicable,56,nature_colony,nature_colony_sep,
sep/sep_48.jpg,sep_txt/sep_48.txt,sep,staphylococcus_epidermidis,positive,BAP,colony_photo,not_applicable,21,nature_colony,nature_colony_sep,
sep/sep_49.jpg,sep_txt/sep_49.txt,sep,staphylococcus_epidermidis,positive,BAP,colony_photo,not_applicable,32,nature_colony,nature_colony_sep,
sep/sep_50.jpg,sep_txt/sep_50.txt,sep,staphylococcus_epidermidis,positive,BAP,colony_photo,not_applicable,31,nature_colony,nature_colony_sep,
ses/ses_01.jpg,ses_txt/ses_01.txt,ses,salmonella_enterica,negative,SS,colony_photo,not_applicable,11,nature_colony,nature_colony_ses,
ses/ses_02.jpg,ses_txt/ses_02.txt,ses,salmonella_enterica,negative,SS,colony_photo,not_applicable,119,nature_colony,nature_colony_ses,
ses/ses_03.jpg,ses_txt/ses_03.txt,ses,salmonella_enterica,negative,SS,colony_photo,not_applicable,18,nature_colony,nature_colony_ses,
ses/ses_04.jpg,ses_txt/ses_04.txt,ses,salmonella_enterica,negative,SS,colony_photo,not_applicable,44,nature_colony,nature_colony_ses,
ses/ses_05.jpg,ses_txt/ses_05.txt,ses,salmonella_enterica,negative,SS,colony_photo,not_applicable,28,nature_colony,nature_colony_ses,
ses/ses_06.jpg,ses_txt/ses_06.txt,ses,salmonella_enterica,negative,SS,colony_photo,not_applicable,30,nature_colony,nature_colony_ses,
ses/ses_07.jpg,ses_txt/ses_07.txt,ses,salmonella_enterica,negative,SS,colony_photo,not_applicable,31,nature_colony,nature_colony_ses,
ses/ses_08.jpg,ses_txt/ses_08.txt,ses,salmonella_enterica,negative,SS,colony_photo,not_applicable,40,nature_colony,nature_colony_ses,
ses/ses_09.jpg,ses_txt/ses_09.txt,ses,salmonella_enterica,negative,SS,colony_photo,not_applicable,34,nature_colony,nature_colony_ses,
ses/ses_10.jpg,ses_txt/ses_10.txt,ses,salmonella_enterica,negative,SS,colony_photo,not_applicable,5,nature_colony,nature_colony_ses,
ses/ses_11.jpg,ses_txt/ses_11.txt,ses,salmonella_enterica,negative,SS,colony_photo,not_applicable,6,nature_colony,nature_colony_ses,
ses/ses_12.jpg,ses_txt/ses_12.txt,ses,salmonella_enterica,negative,SS,colony_photo,not_applicable,3,nature_colony,nature_colony_ses,
ses/ses_13.jpg,ses_txt/ses_13.txt,ses,salmonella_enterica,negative,SS,colony_photo,not_applicable,24,nature_colony,nature_colony_ses,
ses/ses_14.jpg,ses_txt/ses_14.txt,ses,salmonella_enterica,negative,SS,colony_photo,not_applicable,7,nature_colony,nature_colony_ses,
ses/ses_15.jpg,ses_txt/ses_15.txt,ses,salmonella_enterica,negative,SS,colony_photo,not_applicable,7,nature_colony,nature_colony_ses,
ses/ses_16.jpg,ses_txt/ses_16.txt,ses,salmonella_enterica,negative,SS,colony_photo,not_applicable,17,nature_colony,nature_colony_ses,
ses/ses_17.jpg,ses_txt/ses_17.txt,ses,salmonella_enterica,negative,SS,colony_photo,not_applicable,36,nature_colony,nature_colony_ses,
ses/ses_18.jpg,ses_txt/ses_18.txt,ses,salmonella_enterica,negative,SS,colony_photo,not_applicable,20,nature_colony,nature_colony_ses,
ses/ses_19.jpg,ses_txt/ses_19.txt,ses,salmonella_enterica,negative,SS,colony_photo,not_applicable,27,nature_colony,nature_colony_ses,
ses/ses_20.jpg,ses_txt/ses_20.txt,ses,salmonella_enterica,negative,SS,colony_photo,not_applicable,24,nature_colony,nature_colony_ses,
ses/ses_21.jpg,ses_txt/ses_21.txt,ses,salmonella_enterica,negative,SS,colony_photo,not_applicable,13,nature_colony,nature_colony_ses,
ses/ses_22.jpg,ses_txt/ses_22.txt,ses,salmonella_enterica,negative,SS,colony_photo,not_applicable,24,nature_colony,nature_colony_ses,
ses/ses_23.jpg,ses_txt/ses_23.txt,ses,salmonella_enterica,negative,SS,colony_photo,not_applicable,20,nature_colony,nature_colony_ses,
ses/ses_24.jpg,ses_txt/ses_24.txt,ses,salmonella_enterica,negative,SS,colony_photo,not_applicable,13,nature_colony,nature_colony_ses,
ses/ses_25.jpg,ses_txt/ses_25.txt,ses,salmonella_enterica,negative,SS,colony_photo,not_applicable,23,nature_colony,nature_colony_ses,
ses/ses_26.jpg,ses_txt/ses_26.txt,ses,salmonella_enterica,negative,SS,colony_photo,not_applicable,20,nature_colony,nature_colony_ses,
ses/ses_27.jpg,ses_txt/ses_27.txt,ses,salmonella_enterica,negative,SS,colony_photo,not_applicable,20,nature_colony,nature_colony_ses,
ses/ses_28.jpg,ses_txt/ses_28.txt,ses,salmonella_enterica,negative,SS,colony_photo,not_applicable,93,nature_colony,nature_colony_ses,
ses/ses_29.jpg,ses_txt/ses_29.txt,ses,salmonella_enterica,negative,SS,colony_photo,not_applicable,19,nature_colony,nature_colony_ses,
ses/ses_30.jpg,ses_txt/ses_30.txt,ses,salmonella_enterica,negative,SS,colony_photo,not_applicable,30,nature_colony,nature_colony_ses,
ses/ses_31.jpg,ses_txt/ses_31.txt,ses,salmonella_enterica,negative,SS,colony_photo,not_applicable,9,nature_colony,nature_colony_ses,
ses/ses_32.jpg,ses_txt/ses_32.txt,ses,salmonella_enterica,negative,SS,colony_photo,not_applicable,74,nature_colony,nature_colony_ses,
ses/ses_33.jpg,ses_txt/ses_33.txt,ses,salmonella_enterica,negative,SS,colony_photo,not_applicable,29,nature_colony,nature_colony_ses,
ses/ses_34.jpg,ses_txt/ses_34.txt,ses,salmonella_enterica,negative,SS,colony_photo,not_applicable,108,nature_colony,nature_colony_ses,
ses/ses_35.jpg,ses_txt/ses_35.txt,ses,salmonella_enterica,negative,SS,colony_photo,not_applicable,66,nature_colony,nature_colony_ses,
ses/ses_36.jpg,ses_txt/ses_36.txt,ses,salmonella_enterica,negative,SS,colony_photo,not_applicable,87,nature_colony,nature_colony_ses,
ses/ses_37.jpg,ses_txt/ses_37.txt,ses,salmonella_enterica,negative,SS,colony_photo,not_applicable,104,nature_colony,nature_colony_ses,
ses/ses_38.jpg,ses_txt/ses_38.txt,ses,salmonella_enterica,negative,SS,colony_photo,not_applicable,75,nature_colony,nature_colony_ses,
ses/ses_39.jpg,ses_txt/ses_39.txt,ses,salmonella_enterica,negative,SS,colony_photo,not_applicable,65,nature_colony,nature_colony_ses,
ses/ses_40.jpg,ses_txt/ses_40.txt,ses,salmonella_enterica,negative,SS,colony_photo,not_applicable,73,nature_colony,nature_colony_ses,
ses/ses_41.jpg,ses_txt/ses_41.txt,ses,salmonella_enterica,negative,SS,colony_photo,not_applicable,40,nature_colony,nature_colony_ses,
ses/ses_42.jpg,ses_txt/ses_42.txt,ses,salmonella_enterica,negative,SS,colony_photo,not_applicable,138,nature_colony,nature_colony_ses,
ses/ses_43.jpg,ses_txt/ses_43.txt,ses,salmonella_enterica,negative,SS,colony_photo,not_applicable,207,nature_colony,nature_colony_ses,
ses/ses_44.jpg,ses_txt/ses_44.txt,ses,salmonella_enterica,negative,SS,colony_photo,not_applicable,116,nature_colony,nature_colony_ses,
ses/ses_45.jpg,ses_txt/ses_45.txt,ses,salmonella_enterica,negative,SS,colony_photo,not_applicable,137,nature_colony,nature_colony_ses,
ses/ses_46.jpg,ses_txt/ses_46.txt,ses,salmonella_enterica,negative,SS,colony_photo,not_applicable,213,nature_colony,nature_colony_ses,
ses/ses_47.jpg,ses_txt/ses_47.txt,ses,salmonella_enterica,negative,SS,colony_photo,not_applicable,190,nature_colony,nature_colony_ses,
ses/ses_48.jpg,ses_txt/ses_48.txt,ses,salmonella_enterica,negative,SS,colony_photo,not_applicable,7,nature_colony,nature_colony_ses,
ses/ses_49.jpg,ses_txt/ses_49.txt,ses,salmonella_enterica,negative,SS,colony_photo,not_applicable,8,nature_colony,nature_colony_ses,
ses/ses_50.jpg,ses_txt/ses_50.txt,ses,salmonella_enterica,negative,SS,colony_photo,not_applicable,7,nature_colony,nature_colony_ses,
sma/sma_01.jpg,sma_txt/sma_01.txt,sma,serratia_marcescens,negative,MAC,colony_photo,not_applicable,52,nature_colony,nature_colony_sma,
sma/sma_02.jpg,sma_txt/sma_02.txt,sma,serratia_marcescens,negative,MAC,colony_photo,not_applicable,37,nature_colony,nature_colony_sma,
sma/sma_03.jpg,sma_txt/sma_03.txt,sma,serratia_marcescens,negative,MAC,colony_photo,not_applicable,36,nature_colony,nature_colony_sma,
sma/sma_04.jpg,sma_txt/sma_04.txt,sma,serratia_marcescens,negative,MAC,colony_photo,not_applicable,46,nature_colony,nature_colony_sma,
sma/sma_05.jpg,sma_txt/sma_05.txt,sma,serratia_marcescens,negative,MAC,colony_photo,not_applicable,43,nature_colony,nature_colony_sma,
sma/sma_06.jpg,sma_txt/sma_06.txt,sma,serratia_marcescens,negative,MAC,colony_photo,not_applicable,49,nature_colony,nature_colony_sma,
sma/sma_07.jpg,sma_txt/sma_07.txt,sma,serratia_marcescens,negative,MAC,colony_photo,not_applicable,49,nature_colony,nature_colony_sma,
sma/sma_08.jpg,sma_txt/sma_08.txt,sma,serratia_marcescens,negative,MAC,colony_photo,not_applicable,46,nature_colony,nature_colony_sma,
sma/sma_09.jpg,sma_txt/sma_09.txt,sma,serratia_marcescens,negative,MAC,colony_photo,not_applicable,51,nature_colony,nature_colony_sma,
sma/sma_10.jpg,sma_txt/sma_10.txt,sma,serratia_marcescens,negative,MAC,colony_photo,not_applicable,76,nature_colony,nature_colony_sma,
sma/sma_11.jpg,sma_txt/sma_11.txt,sma,serratia_marcescens,negative,MAC,colony_photo,not_applicable,66,nature_colony,nature_colony_sma,
sma/sma_12.jpg,sma_txt/sma_12.txt,sma,serratia_marcescens,negative,MAC,colony_photo,not_applicable,61,nature_colony,nature_colony_sma,
sma/sma_13.jpg,sma_txt/sma_13.txt,sma,serratia_marcescens,negative,MAC,colony_photo,not_applicable,83,nature_colony,nature_colony_sma,
sma/sma_14.jpg,sma_txt/sma_14.txt,sma,serratia_marcescens,negative,MAC,colony_photo,not_applicable,85,nature_colony,nature_colony_sma,
sma/sma_15.jpg,sma_txt/sma_15.txt,sma,serratia_marcescens,negative,MAC,colony_photo,not_applicable,127,nature_colony,nature_colony_sma,
sma/sma_16.jpg,sma_txt/sma_16.txt,sma,serratia_marcescens,negative,MAC,colony_photo,not_applicable,104,nature_colony,nature_colony_sma,
sma/sma_17.jpg,sma_txt/sma_17.txt,sma,serratia_marcescens,negative,MAC,colony_photo,not_applicable,114,nature_colony,nature_colony_sma,
sma/sma_18.jpg,sma_txt/sma_18.txt,sma,serratia_marcescens,negative,MAC,colony_photo,not_applicable,128,nature_colony,nature_colony_sma,
sma/sma_19.jpg,sma_txt/sma_19.txt,sma,serratia_marcescens,negative,MAC,colony_photo,not_applicable,29,nature_colony,nature_colony_sma,
sma/sma_20.jpg,sma_txt/sma_20.txt,sma,serratia_marcescens,negative,MAC,colony_photo,not_applicable,36,nature_colony,nature_colony_sma,
sma/sma_21.jpg,sma_txt/sma_21.txt,sma,serratia_marcescens,negative,MAC,colony_photo,not_applicable,37,nature_colony,nature_colony_sma,
sma/sma_22.jpg,sma_txt/sma_22.txt,sma,serratia_marcescens,negative,MAC,colony_photo,not_applicable,30,nature_colony,nature_colony_sma,
sma/sma_23.jpg,sma_txt/sma_23.txt,sma,serratia_marcescens,negative,MAC,colony_photo,not_applicable,29,nature_colony,nature_colony_sma,
sma/sma_24.jpg,sma_txt/sma_24.txt,sma,serratia_marcescens,negative,MAC,colony_photo,not_applicable,58,nature_colony,nature_colony_sma,
sma/sma_25.jpg,sma_txt/sma_25.txt,sma,serratia_marcescens,negative,MAC,colony_photo,not_applicable,59,nature_colony,nature_colony_sma,
sma/sma_26.jpg,sma_txt/sma_26.txt,sma,serratia_marcescens,negative,MAC,colony_photo,not_applicable,47,nature_colony,nature_colony_sma,
sma/sma_27.jpg,sma_txt/sma_27.txt,sma,serratia_marcescens,negative,MAC,colony_photo,not_applicable,60,nature_colony,nature_colony_sma,
sma/sma_28.jpg,sma_txt/sma_28.txt,sma,serratia_marcescens,negative,MAC,colony_photo,not_applicable,71,nature_colony,nature_colony_sma,
sma/sma_29.jpg,sma_txt/sma_29.txt,sma,serratia_marcescens,negative,MAC,colony_photo,not_applicable,59,nature_colony,nature_colony_sma,
sma/sma_30.jpg,sma_txt/sma_30.txt,sma,serratia_marcescens,negative,MAC,colony_photo,not_applicable,68,nature_colony,nature_colony_sma,
sma/sma_31.jpg,sma_txt/sma_31.txt,sma,serratia_marcescens,negative,MAC,colony_photo,not_applicable,55,nature_colony,nature_colony_sma,
sma/sma_32.jpg,sma_txt/sma_32.txt,sma,serratia_marcescens,negative,MAC,colony_photo,not_applicable,42,nature_colony,nature_colony_sma,
sma/sma_33.jpg,sma_txt/sma_33.txt,sma,serratia_marcescens,negative,MAC,colony_photo,not_applicable,89,nature_colony,nature_colony_sma,
sma/sma_34.jpg,sma_txt/sma_34.txt,sma,serratia_marcescens,negative,MAC,colony_photo,not_applicable,55,nature_colony,nature_colony_sma,
sma/sma_35.jpg,sma_txt/sma_35.txt,sma,serratia_marcescens,negative,MAC,colony_photo,not_applicable,51,nature_colony,nature_colony_sma,
sma/sma_36.jpg,sma_txt/sma_36.txt,sma,serratia_marcescens,negative,MAC,colony_photo,not_applicable,79,nature_colony,nature_colony_sma,
sma/sma_37.jpg,sma_txt/sma_37.txt,sma,serratia_marcescens,negative,MAC,colony_photo,not_applicable,68,nature_colony,nature_colony_sma,
sma/sma_38.jpg,sma_txt/sma_38.txt,sma,serratia_marcescens,negative,MAC,colony_photo,not_applicable,73,nature_colony,nature_colony_sma,
sma/sma_39.jpg,sma_txt/sma_39.txt,sma,serratia_marcescens,negative,MAC,colony_photo,not_applicable,80,nature_colony,nature_colony_sma,
sma/sma_40.jpg,sma_txt/sma_40.txt,sma,serratia_marcescens,negative,MAC,colony_photo,not_applicable,61,nature_colony,nature_colony_sma,
sma/sma_41.jpg,sma_txt/sma_41.txt,sma,serratia_marcescens,negative,MAC,colony_photo,not_applicable,44,nature_colony,nature_colony_sma,
sma/sma_42.jpg,sma_txt/sma_42.txt,sma,serratia_marcescens,negative,MAC,colony_photo,not_applicable,134,nature_colony,nature_colony_sma,
sma/sma_43.jpg,sma_txt/sma_43.txt,sma,serratia_marcescens,negative,MAC,colony_photo,not_applicable,172,nature_colony,nature_colony_sma,
sma/sma_44.jpg,sma_txt/sma_44.txt,sma,serratia_marcescens,negative,MAC,colony_photo,not_applicable,144,nature_colony,nature_colony_sma,
sma/sma_45.jpg,sma_txt/sma_45.txt,sma,serratia_marcescens,negative,MAC,colony_photo,not_applicable,215,nature_colony,nature_colony_sma,
sma/sma_46.jpg,sma_txt/sma_46.txt,sma,serratia_marcescens,negative,MAC,colony_photo,not_applicable,199,nature_colony,nature_colony_sma,
sma/sma_47.jpg,sma_txt/sma_47.txt,sma,serratia_marcescens,negative,MAC,colony_photo,not_applicable,170,nature_colony,nature_colony_sma,
sma/sma_48.jpg,sma_txt/sma_48.txt,sma,serratia_marcescens,negative,MAC,colony_photo,not_applicable,145,nature_colony,nature_colony_sma,
sma/sma_49.jpg,sma_txt/sma_49.txt,sma,serratia_marcescens,negative,MAC,colony_photo,not_applicable,51,nature_colony,nature_colony_sma,
sma/sma_50.jpg,sma_txt/sma_50.txt,sma,serratia_marcescens,negative,MAC,colony_photo,not_applicable,45,nature_colony,nature_colony_sma,
spn/spn_01.jpg,spn_txt/spn_01.txt,spn,streptococcus_pneumoniae,positive,BAP,colony_photo,not_applicable,22,nature_colony,nature_colony_spn,
spn/spn_02.jpg,spn_txt/spn_02.txt,spn,streptococcus_pneumoniae,positive,BAP,colony_photo,not_applicable,32,nature_colony,nature_colony_spn,
spn/spn_03.jpg,spn_txt/spn_03.txt,spn,streptococcus_pneumoniae,positive,BAP,colony_photo,not_applicable,19,nature_colony,nature_colony_spn,
spn/spn_04.jpg,spn_txt/spn_04.txt,spn,streptococcus_pneumoniae,positive,BAP,colony_photo,not_applicable,18,nature_colony,nature_colony_spn,
spn/spn_05.jpg,spn_txt/spn_05.txt,spn,streptococcus_pneumoniae,positive,BAP,colony_photo,not_applicable,16,nature_colony,nature_colony_spn,
spn/spn_06.jpg,spn_txt/spn_06.txt,spn,streptococcus_pneumoniae,positive,BAP,colony_photo,not_applicable,25,nature_colony,nature_colony_spn,
spn/spn_07.jpg,spn_txt/spn_07.txt,spn,streptococcus_pneumoniae,positive,BAP,colony_photo,not_applicable,38,nature_colony,nature_colony_spn,
spn/spn_08.jpg,spn_txt/spn_08.txt,spn,streptococcus_pneumoniae,positive,BAP,colony_photo,not_applicable,27,nature_colony,nature_colony_spn,
spn/spn_09.jpg,spn_txt/spn_09.txt,spn,streptococcus_pneumoniae,positive,BAP,colony_photo,not_applicable,32,nature_colony,nature_colony_spn,
spn/spn_10.jpg,spn_txt/spn_10.txt,spn,streptococcus_pneumoniae,positive,BAP,colony_photo,not_applicable,18,nature_colony,nature_colony_spn,
spn/spn_11.jpg,spn_txt/spn_11.txt,spn,streptococcus_pneumoniae,positive,BAP,colony_photo,not_applicable,20,nature_colony,nature_colony_spn,
spn/spn_12.jpg,spn_txt/spn_12.txt,spn,streptococcus_pneumoniae,positive,BAP,colony_photo,not_applicable,31,nature_colony,nature_colony_spn,
spn/spn_13.jpg,spn_txt/spn_13.txt,spn,streptococcus_pneumoniae,positive,BAP,colony_photo,not_applicable,31,nature_colony,nature_colony_spn,
spn/spn_14.jpg,spn_txt/spn_14.txt,spn,streptococcus_pneumoniae,positive,BAP,colony_photo,not_applicable,24,nature_colony,nature_colony_spn,
spn/spn_15.jpg,spn_txt/spn_15.txt,spn,streptococcus_pneumoniae,positive,BAP,colony_photo,not_applicable,25,nature_colony,nature_colony_spn,
spn/spn_16.jpg,spn_txt/spn_16.txt,spn,streptococcus_pneumoniae,positive,BAP,colony_photo,not_applicable,44,nature_colony,nature_colony_spn,
spn/spn_17.jpg,spn_txt/spn_17.txt,spn,streptococcus_pneumoniae,positive,BAP,colony_photo,not_applicable,49,nature_colony,nature_colony_spn,
spn/spn_18.jpg,spn_txt/spn_18.txt,spn,streptococcus_pneumoniae,positive,BAP,colony_photo,not_applicable,46,nature_colony,nature_colony_spn,
spn/spn_19.jpg,spn_txt/spn_19.txt,spn,streptococcus_pneumoniae,positive,BAP,colony_photo,not_applicable,47,nature_colony,nature_colony_spn,
spn/spn_20.jpg,spn_txt/spn_20.txt,spn,streptococcus_pneumoniae,positive,BAP,colony_photo,not_applicable,58,nature_colony,nature_colony_spn,
spn/spn_21.jpg,spn_txt/spn_21.txt,spn,streptococcus_pneumoniae,positive,BAP,colony_photo,not_applicable,58,nature_colony,nature_colony_spn,
spn/spn_22.jpg,spn_txt/spn_22.txt,spn,streptococcus_pneumoniae,positive,BAP,colony_photo,not_applicable,49,nature_colony,nature_colony_spn,
spn/spn_23.jpg,spn_txt/spn_23.txt,spn,streptococcus_pneumoniae,positive,BAP,colony_photo,not_applicable,26,nature_colony,nature_colony_spn,
spn/spn_24.jpg,spn_txt/spn_24.txt,spn,streptococcus_pneumoniae,positive,BAP,colony_photo,not_applicable,31,nature_colony,nature_colony_spn,
spn/spn_25.jpg,spn_txt/spn_25.txt,spn,streptococcus_pneumoniae,positive,BAP,colony_photo,not_applicable,56,nature_colony,nature_colony_spn,
spn/spn_26.jpg,spn_txt/spn_26.txt,spn,streptococcus_pneumoniae,positive,BAP,colony_photo,not_applicable,48,nature_colony,nature_colony_spn,
spn/spn_27.jpg,spn_txt/spn_27.txt,spn,streptococcus_pneumoniae,positive,BAP,colony_photo,not_applicable,43,nature_colony,nature_colony_spn,
spn/spn_28.jpg,spn_txt/spn_28.txt,spn,streptococcus_pneumoniae,positive,BAP,colony_photo,not_applicable,45,nature_colony,nature_colony_spn,
spn/spn_29.jpg,spn_txt/spn_29.txt,spn,streptococcus_pneumoniae,positive,BAP,colony_photo,not_applicable,47,nature_colony,nature_colony_spn,
spn/spn_30.jpg,spn_txt/spn_30.txt,spn,streptococcus_pneumoniae,positive,BAP,colony_photo,not_applicable,25,nature_colony,nature_colony_spn,
spn/spn_31.jpg,spn_txt/spn_31.txt,spn,streptococcus_pneumoniae,positive,BAP,colony_photo,not_applicable,39,nature_colony,nature_colony_spn,
spn/spn_32.jpg,spn_txt/spn_32.txt,spn,streptococcus_pneumoniae,positive,BAP,colony_photo,not_applicable,16,nature_colony,nature_colony_spn,
spn/spn_33.jpg,spn_txt/spn_33.txt,spn,streptococcus_pneumoniae,positive,BAP,colony_photo,not_applicable,17,nature_colony,nature_colony_spn,
spn/spn_34.jpg,spn_txt/spn_34.txt,spn,streptococcus_pneumoniae,positive,BAP,colony_photo,not_applicable,16,nature_colony,nature_colony_spn,
spn/spn_35.jpg,spn_txt/spn_35.txt,spn,streptococcus_pneumoniae,positive,BAP,colony_photo,not_applicable,28,nature_colony,nature_colony_spn,
spn/spn_36.jpg,spn_txt/spn_36.txt,spn,streptococcus_pneumoniae,positive,BAP,colony_photo,not_applicable,22,nature_colony,nature_colony_spn,
spn/spn_37.jpg,spn_txt/spn_37.txt,spn,streptococcus_pneumoniae,positive,BAP,colony_photo,not_applicable,11,nature_colony,nature_colony_spn,
spn/spn_38.jpg,spn_txt/spn_38.txt,spn,streptococcus_pneumoniae,positive,BAP,colony_photo,not_applicable,16,nature_colony,nature_colony_spn,
spn/spn_39.jpg,spn_txt/spn_39.txt,spn,streptococcus_pneumoniae,positive,BAP,colony_photo,not_applicable,18,nature_colony,nature_colony_spn,
spn/spn_40.jpg,spn_txt/spn_40.txt,spn,streptococcus_pneumoniae,positive,BAP,colony_photo,not_applicable,48,nature_colony,nature_colony_spn,
spn/spn_41.jpg,spn_txt/spn_41.txt,spn,streptococcus_pneumoniae,positive,BAP,colony_photo,not_applicable,34,nature_colony,nature_colony_spn,
spn/spn_42.jpg,spn_txt/spn_42.txt,spn,streptococcus_pneumoniae,positive,BAP,colony_photo,not_applicable,50,nature_colony,nature_colony_spn,
spn/spn_43.jpg,spn_txt/spn_43.txt,spn,streptococcus_pneumoniae,positive,BAP,colony_photo,not_applicable,43,nature_colony,nature_colony_spn,
spn/spn_44.jpg,spn_txt/spn_44.txt,spn,streptococcus_pneumoniae,positive,BAP,colony_photo,not_applicable,58,nature_colony,nature_colony_spn,
spn/spn_45.jpg,spn_txt/spn_45.txt,spn,streptococcus_pneumoniae,positive,BAP,colony_photo,not_applicable,41,nature_colony,nature_colony_spn,
spn/spn_46.jpg,spn_txt/spn_46.txt,spn,streptococcus_pneumoniae,positive,BAP,colony_photo,not_applicable,48,nature_colony,nature_colony_spn,
spn/spn_47.jpg,spn_txt/spn_47.txt,spn,streptococcus_pneumoniae,positive,BAP,colony_photo,not_applicable,33,nature_colony,nature_colony_spn,
spn/spn_48.jpg,spn_txt/spn_48.txt,spn,streptococcus_pneumoniae,positive,BAP,colony_photo,not_applicable,61,nature_colony,nature_colony_spn,
spn/spn_49.jpg,spn_txt/spn_49.txt,spn,streptococcus_pneumoniae,positive,BAP,colony_photo,not_applicable,49,nature_colony,nature_colony_spn,
spn/spn_50.jpg,spn_txt/spn_50.txt,spn,streptococcus_pneumoniae,positive,BAP,colony_photo,not_applicable,44,nature_colony,nature_colony_spn,
spy/spy_01.jpg,spy_txt/spy_01.txt,spy,streptococcus_pyogenes,positive,BAP,colony_photo,not_applicable,5,nature_colony,nature_colony_spy,
spy/spy_02.jpg,spy_txt/spy_02.txt,spy,streptococcus_pyogenes,positive,BAP,colony_photo,not_applicable,8,nature_colony,nature_colony_spy,
spy/spy_03.jpg,spy_txt/spy_03.txt,spy,streptococcus_pyogenes,positive,BAP,colony_photo,not_applicable,8,nature_colony,nature_colony_spy,
spy/spy_04.jpg,spy_txt/spy_04.txt,spy,streptococcus_pyogenes,positive,BAP,colony_photo,not_applicable,4,nature_colony,nature_colony_spy,
spy/spy_05.jpg,spy_txt/spy_05.txt,spy,streptococcus_pyogenes,positive,BAP,colony_photo,not_applicable,8,nature_colony,nature_colony_spy,
spy/spy_06.jpg,spy_txt/spy_06.txt,spy,streptococcus_pyogenes,positive,BAP,colony_photo,not_applicable,12,nature_colony,nature_colony_spy,
spy/spy_07.jpg,spy_txt/spy_07.txt,spy,streptococcus_pyogenes,positive,BAP,colony_photo,not_applicable,11,nature_colony,nature_colony_spy,
spy/spy_08.jpg,spy_txt/spy_08.txt,spy,streptococcus_pyogenes,positive,BAP,colony_photo,not_applicable,6,nature_colony,nature_colony_spy,
spy/spy_09.jpg,spy_txt/spy_09.txt,spy,streptococcus_pyogenes,positive,BAP,colony_photo,not_applicable,24,nature_colony,nature_colony_spy,
spy/spy_10.jpg,spy_txt/spy_10.txt,spy,streptococcus_pyogenes,positive,BAP,colony_photo,not_applicable,3,nature_colony,nature_colony_spy,
spy/spy_11.jpg,spy_txt/spy_11.txt,spy,streptococcus_pyogenes,positive,BAP,colony_photo,not_applicable,2,nature_colony,nature_colony_spy,
spy/spy_12.jpg,spy_txt/spy_12.txt,spy,streptococcus_pyogenes,positive,BAP,colony_photo,not_applicable,7,nature_colony,nature_colony_spy,
spy/spy_13.jpg,spy_txt/spy_13.txt,spy,streptococcus_pyogenes,positive,BAP,colony_photo,not_applicable,4,nature_colony,nature_colony_spy,
spy/spy_14.jpg,spy_txt/spy_14.txt,spy,streptococcus_pyogenes,positive,BAP,colony_photo,not_applicable,4,nature_colony,nature_colony_spy,
spy/spy_15.jpg,spy_txt/spy_15.txt,spy,streptococcus_pyogenes,positive,BAP,colony_photo,not_applicable,3,nature_colony,nature_colony_spy,
spy/spy_16.jpg,spy_txt/spy_16.txt,spy,streptococcus_pyogenes,positive,BAP,colony_photo,not_applicable,2,nature_colony,nature_colony_spy,
spy/spy_17.jpg,spy_txt/spy_17.txt,spy,streptococcus_pyogenes,positive,BAP,colony_photo,not_applicable,118,nature_colony,nature_colony_spy,
spy/spy_18.jpg,spy_txt/spy_18.txt,spy,streptococcus_pyogenes,positive,BAP,colony_photo,not_applicable,3,nature_colony,nature_colony_spy,
spy/spy_19.jpg,spy_txt/spy_19.txt,spy,streptococcus_pyogenes,positive,BAP,colony_photo,not_applicable,16,nature_colony,nature_colony_spy,
spy/spy_20.jpg,spy_txt/spy_20.txt,spy,streptococcus_pyogenes,positive,BAP,colony_photo,not_applicable,2,nature_colony,nature_colony_spy,
spy/spy_21.jpg,spy_txt/spy_21.txt,spy,streptococcus_pyogenes,positive,BAP,colony_photo,not_applicable,3,nature_colony,nature_colony_spy,
spy/spy_22.jpg,spy_txt/spy_22.txt,spy,streptococcus_pyogenes,positive,BAP,colony_photo,not_applicable,201,nature_colony,nature_colony_spy,
spy/spy_23.jpg,spy_txt/spy_23.txt,spy,streptococcus_pyogenes,positive,BAP,colony_photo,not_applicable,211,nature_colony,nature_colony_spy,
spy/spy_24.jpg,spy_txt/spy_24.txt,spy,streptococcus_pyogenes,positive,BAP,colony_photo,not_applicable,210,nature_colony,nature_colony_spy,
spy/spy_25.jpg,spy_txt/spy_25.txt,spy,streptococcus_pyogenes,positive,BAP,colony_photo,not_applicable,184,nature_colony,nature_colony_spy,
spy/spy_26.jpg,spy_txt/spy_26.txt,spy,streptococcus_pyogenes,positive,BAP,colony_photo,not_applicable,166,nature_colony,nature_colony_spy,
spy/spy_27.jpg,spy_txt/spy_27.txt,spy,streptococcus_pyogenes,positive,BAP,colony_photo,not_applicable,136,nature_colony,nature_colony_spy,
spy/spy_28.jpg,spy_txt/spy_28.txt,spy,streptococcus_pyogenes,positive,BAP,colony_photo,not_applicable,218,nature_colony,nature_colony_spy,
spy/spy_29.jpg,spy_txt/spy_29.txt,spy,streptococcus_pyogenes,positive,BAP,colony_photo,not_applicable,45,nature_colony,nature_colony_spy,
spy/spy_30.jpg,spy_txt/spy_30.txt,spy,streptococcus_pyogenes,positive,BAP,colony_photo,not_applicable,57,nature_colony,nature_colony_spy,
spy/spy_31.jpg,spy_txt/spy_31.txt,spy,streptococcus_pyogenes,positive,BAP,colony_photo,not_applicable,60,nature_colony,nature_colony_spy,
spy/spy_32.jpg,spy_txt/spy_32.txt,spy,streptococcus_pyogenes,positive,BAP,colony_photo,not_applicable,78,nature_colony,nature_colony_spy,
spy/spy_33.jpg,spy_txt/spy_33.txt,spy,streptococcus_pyogenes,positive,BAP,colony_photo,not_applicable,75,nature_colony,nature_colony_spy,
spy/spy_34.jpg,spy_txt/spy_34.txt,spy,streptococcus_pyogenes,positive,BAP,colony_photo,not_applicable,59,nature_colony,nature_colony_spy,
spy/spy_35.jpg,spy_txt/spy_35.txt,spy,streptococcus_pyogenes,positive,BAP,colony_photo,not_applicable,113,nature_colony,nature_colony_spy,
spy/spy_36.jpg,spy_txt/spy_36.txt,spy,streptococcus_pyogenes,positive,BAP,colony_photo,not_applicable,61,nature_colony,nature_colony_spy,
spy/spy_37.jpg,spy_txt/spy_37.txt,spy,streptococcus_pyogenes,positive,BAP,colony_photo,not_applicable,48,nature_colony,nature_colony_spy,
spy/spy_38.jpg,spy_txt/spy_38.txt,spy,streptococcus_pyogenes,positive,BAP,colony_photo,not_applicable,74,nature_colony,nature_colony_spy,
spy/spy_39.jpg,spy_txt/spy_39.txt,spy,streptococcus_pyogenes,positive,BAP,colony_photo,not_applicable,46,nature_colony,nature_colony_spy,
spy/spy_40.jpg,spy_txt/spy_40.txt,spy,streptococcus_pyogenes,positive,BAP,colony_photo,not_applicable,57,nature_colony,nature_colony_spy,
spy/spy_41.jpg,spy_txt/spy_41.txt,spy,streptococcus_pyogenes,positive,BAP,colony_photo,not_applicable,18,nature_colony,nature_colony_spy,
spy/spy_42.jpg,spy_txt/spy_42.txt,spy,streptococcus_pyogenes,positive,BAP,colony_photo,not_applicable,34,nature_colony,nature_colony_spy,
spy/spy_43.jpg,spy_txt/spy_43.txt,spy,streptococcus_pyogenes,positive,BAP,colony_photo,not_applicable,31,nature_colony,nature_colony_spy,
spy/spy_44.jpg,spy_txt/spy_44.txt,spy,streptococcus_pyogenes,positive,BAP,colony_photo,not_applicable,32,nature_colony,nature_colony_spy,
spy/spy_45.jpg,spy_txt/spy_45.txt,spy,streptococcus_pyogenes,positive,BAP,colony_photo,not_applicable,24,nature_colony,nature_colony_spy,
spy/spy_46.jpg,spy_txt/spy_46.txt,spy,streptococcus_pyogenes,positive,BAP,colony_photo,not_applicable,17,nature_colony,nature_colony_spy,
spy/spy_47.jpg,spy_txt/spy_47.txt,spy,streptococcus_pyogenes,positive,BAP,colony_photo,not_applicable,24,nature_colony,nature_colony_spy,
spy/spy_48.jpg,spy_txt/spy_48.txt,spy,streptococcus_pyogenes,positive,BAP,colony_photo,not_applicable,11,nature_colony,nature_colony_spy,
spy/spy_49.jpg,spy_txt/spy_49.txt,spy,streptococcus_pyogenes,positive,BAP,colony_photo,not_applicable,37,nature_colony,nature_colony_spy,
spy/spy_50.jpg,spy_txt/spy_50.txt,spy,streptococcus_pyogenes,positive,BAP,colony_photo,not_applicable,32,nature_colony,nature_colony_spy,
stm/stm_01.jpg,stm_txt/stm_01.txt,stm,stenotrophomonas_maltophilia,negative,MAC,colony_photo,not_applicable,70,nature_colony,nature_colony_stm,
stm/stm_02.jpg,stm_txt/stm_02.txt,stm,stenotrophomonas_maltophilia,negative,MAC,colony_photo,not_applicable,77,nature_colony,nature_colony_stm,
stm/stm_03.jpg,stm_txt/stm_03.txt,stm,stenotrophomonas_maltophilia,negative,MAC,colony_photo,not_applicable,158,nature_colony,nature_colony_stm,
stm/stm_04.jpg,stm_txt/stm_04.txt,stm,stenotrophomonas_maltophilia,negative,MAC,colony_photo,not_applicable,157,nature_colony,nature_colony_stm,
stm/stm_05.jpg,stm_txt/stm_05.txt,stm,stenotrophomonas_maltophilia,negative,MAC,colony_photo,not_applicable,80,nature_colony,nature_colony_stm,
stm/stm_06.jpg,stm_txt/stm_06.txt,stm,stenotrophomonas_maltophilia,negative,MAC,colony_photo,not_applicable,29,nature_colony,nature_colony_stm,
stm/stm_07.jpg,stm_txt/stm_07.txt,stm,stenotrophomonas_maltophilia,negative,MAC,colony_photo,not_applicable,36,nature_colony,nature_colony_stm,
stm/stm_08.jpg,stm_txt/stm_08.txt,stm,stenotrophomonas_maltophilia,negative,MAC,colony_photo,not_applicable,35,nature_colony,nature_colony_stm,
stm/stm_09.jpg,stm_txt/stm_09.txt,stm,stenotrophomonas_maltophilia,negative,MAC,colony_photo,not_applicable,28,nature_colony,nature_colony_stm,
stm/stm_10.jpg,stm_txt/stm_10.txt,stm,stenotrophomonas_maltophilia,negative,MAC,colony_photo,not_applicable,35,nature_colony,nature_colony_stm,
stm/stm_11.jpg,stm_txt/stm_11.txt,stm,stenotrophomonas_maltophilia,negative,MAC,colony_photo,not_applicable,33,nature_colony,nature_colony_stm,
stm/stm_12.jpg,stm_txt/stm_12.txt,stm,stenotrophomonas_maltophilia,negative,MAC,colony_photo,not_applicable,24,nature_colony,nature_colony_stm,
stm/stm_13.jpg,stm_txt/stm_13.txt,stm,stenotrophomonas_maltophilia,negative,MAC,colony_photo,not_applicable,116,nature_colony,nature_colony_stm,
stm/stm_14.jpg,stm_txt/stm_14.txt,stm,stenotrophomonas_maltophilia,negative,MAC,colony_photo,not_applicable,63,nature_colony,nature_colony_stm,
stm/stm_15.jpg,stm_txt/stm_15.txt,stm,stenotrophomonas_maltophilia,negative,MAC,colony_photo,not_applicable,62,nature_colony,nature_colony_stm,
stm/stm_16.jpg,stm_txt/stm_16.txt,stm,stenotrophomonas_maltophilia,negative,MAC,colony_photo,not_applicable,70,nature_colony,nature_colony_stm,
stm/stm_17.jpg,stm_txt/stm_17.txt,stm,stenotrophomonas_maltophilia,negative,MAC,colony_photo,not_applicable,62,nature_colony,nature_colony_stm,
stm/stm_18.jpg,stm_txt/stm_18.txt,stm,stenotrophomonas_maltophilia,negative,MAC,colony_photo,not_applicable,55,nature_colony,nature_colony_stm,
stm/stm_19.jpg,stm_txt/stm_19.txt,stm,stenotrophomonas_maltophilia,negative,MAC,colony_photo,not_applicable,51,nature_colony,nature_colony_stm,
stm/stm_20.jpg,stm_txt/stm_20.txt,stm,stenotrophomonas_maltophilia,negative,MAC,colony_photo,not_applicable,68,nature_colony,nature_colony_stm,
stm/stm_21.jpg,stm_txt/stm_21.txt,stm,stenotrophomonas_maltophilia,negative,MAC,colony_photo,not_applicable,59,nature_colony,nature_colony_stm,
stm/stm_22.jpg,stm_txt/stm_22.txt,stm,stenotrophomonas_maltophilia,negative,MAC,colony_photo,not_applicable,117,nature_colony,nature_colony_stm,
stm/stm_23.jpg,stm_txt/stm_23.txt,stm,stenotrophomonas_maltophilia,negative,MAC,colony_photo,not_applicable,135,nature_colony,nature_colony_stm,
stm/stm_24.jpg,stm_txt/stm_24.txt,stm,stenotrophomonas_maltophilia,negative,MAC,colony_photo,not_applicable,28,nature_colony,nature_colony_stm,
stm/stm_25.jpg,stm_txt/stm_25.txt,stm,stenotrophomonas_maltophilia,negative,MAC,colony_photo,not_applicable,108,nature_colony,nature_colony_stm,
stm/stm_26.jpg,stm_txt/stm_26.txt,stm,stenotrophomonas_maltophilia,negative,MAC,colony_photo,not_applicable,83,nature_colony,nature_colony_stm,
stm/stm_27.jpg,stm_txt/stm_27.txt,stm,stenotrophomonas_maltophilia,negative,MAC,colony_photo,not_applicable,141,nature_colony,nature_colony_stm,
stm/stm_28.jpg,stm_txt/stm_28.txt,stm,stenotrophomonas_maltophilia,negative,MAC,colony_photo,not_applicable,19,nature_colony,nature_colony_stm,
stm/stm_29.jpg,stm_txt/stm_29.txt,stm,stenotrophomonas_maltophilia,negative,MAC,colony_photo,not_applicable,28,nature_colony,nature_colony_stm,
stm/stm_30.jpg,stm_txt/stm_30.txt,stm,stenotrophomonas_maltophilia,negative,MAC,colony_photo,not_applicable,39,nature_colony,nature_colony_stm,
stm/stm_31.jpg,stm_txt/stm_31.txt,stm,stenotrophomonas_maltophilia,negative,MAC,colony_photo,not_applicable,62,nature_colony,nature_colony_stm,
stm/stm_32.jpg,stm_txt/stm_32.txt,stm,stenotrophomonas_maltophilia,negative,MAC,colony_photo,not_applicable,56,nature_colony,nature_colony_stm,
stm/stm_33.jpg,stm_txt/stm_33.txt,stm,stenotrophomonas_maltophilia,negative,MAC,colony_photo,not_applicable,31,nature_colony,nature_colony_stm,
stm/stm_34.jpg,stm_txt/stm_34.txt,stm,stenotrophomonas_maltophilia,negative,MAC,colony_photo,not_applicable,56,nature_colony,nature_colony_stm,
stm/stm_35.jpg,stm_txt/stm_35.txt,stm,stenotrophomonas_maltophilia,negative,MAC,colony_photo,not_applicable,28,nature_colony,nature_colony_stm,
stm/stm_36.jpg,stm_txt/stm_36.txt,stm,stenotrophomonas_maltophilia,negative,MAC,colony_photo,not_applicable,41,nature_colony,nature_colony_stm,
stm/stm_37.jpg,stm_txt/stm_37.txt,stm,stenotrophomonas_maltophilia,negative,MAC,colony_photo,not_applicable,49,nature_colony,nature_colony_stm,
stm/stm_38.jpg,stm_txt/stm_38.txt,stm,stenotrophomonas_maltophilia,negative,MAC,colony_photo,not_applicable,15,nature_colony,nature_colony_stm,
stm/stm_39.jpg,stm_txt/stm_39.txt,stm,stenotrophomonas_maltophilia,negative,MAC,colony_photo,not_applicable,18,nature_colony,nature_colony_stm,
stm/stm_40.jpg,stm_txt/stm_40.txt,stm,stenotrophomonas_maltophilia,negative,MAC,colony_photo,not_applicable,24,nature_colony,nature_colony_stm,
stm/stm_41.jpg,stm_txt/stm_41.txt,stm,stenotrophomonas_maltophilia,negative,MAC,colony_photo,not_applicable,28,nature_colony,nature_colony_stm,
stm/stm_42.jpg,stm_txt/stm_42.txt,stm,stenotrophomonas_maltophilia,negative,MAC,colony_photo,not_applicable,23,nature_colony,nature_colony_stm,
stm/stm_43.jpg,stm_txt/stm_43.txt,stm,stenotrophomonas_maltophilia,negative,MAC,colony_photo,not_applicable,23,nature_colony,nature_colony_stm,
stm/stm_44.jpg,stm_txt/stm_44.txt,stm,stenotrophomonas_maltophilia,negative,MAC,colony_photo,not_applicable,18,nature_colony,nature_colony_stm,
stm/stm_45.jpg,stm_txt/stm_45.txt,stm,stenotrophomonas_maltophilia,negative,MAC,colony_photo,not_applicable,22,nature_colony,nature_colony_stm,
stm/stm_46.jpg,stm_txt/stm_46.txt,stm,stenotrophomonas_maltophilia,negative,MAC,colony_photo,not_applicable,82,nature_colony,nature_colony_stm,
stm/stm_47.jpg,stm_txt/stm_47.txt,stm,stenotrophomonas_maltophilia,negative,MAC,colony_photo,not_applicable,35,nature_colony,nature_colony_stm,
stm/stm_48.jpg,stm_txt/stm_48.txt,stm,stenotrophomonas_maltophilia,negative,MAC,colony_photo,not_applicable,26,nature_colony,nature_colony_stm,
stm/stm_49.jpg,stm_txt/stm_49.txt,stm,stenotrophomonas_maltophilia,negative,MAC,colony_photo,not_applicable,11,nature_colony,nature_colony_stm,
stm/stm_50.jpg,stm_txt/stm_50.txt,stm,stenotrophomonas_maltophilia,negative,MAC,colony_photo,not_applicable,19,nature_colony,nature_colony_stm,
